Penduduk,Tahun,Provinsi,RS Pemerintah,RS Swasta,Praktek dokter/ Poliklinik,Puskesmas/ pustu,Praktek nakes,Praktek batra,Dukun bersalin,Lainnya,Jumlah
Laki-Laki,2009,Aceh,11.34,1.18,15.19,44.91,21.83,2.06,0.06,3.43,100
Laki-Laki,2009,Sumatera Utara,4.45,6.87,22.21,19.07,37.38,4.11,0.26,5.65,100
Laki-Laki,2009,Sumatera Barat,7.36,1.64,16.43,31.99,32.53,6.67,0.47,2.92,100
Laki-Laki,2009,Riau,9.31,9.63,28.53,33.62,13.52,1.5,0.16,3.72,100
Laki-Laki,2009,Jambi,7.69,2.13,23.39,43.89,16.22,2.61,0.06,4.01,100
Laki-Laki,2009,Sumatera Selatan,7.25,4.45,23.07,34.82,25.12,1.42,0.8,3.07,100
Laki-Laki,2009,Bengkulu,8.61,1.98,25.83,28.74,26.43,3.35,0.76,4.29,100
Laki-Laki,2009,Lampung,3.56,2.81,23.66,25.98,36.13,2.64,1.2,4.02,100
Laki-Laki,2009,Kepulauan Bangka Belitung,5.07,4.45,26.63,38.06,19.2,2.46,0,4.14,100
Laki-Laki,2009,Kepulauan Riau,6.41,7.54,18.48,55.96,9.6,0.25,0,1.76,100
Laki-Laki,2009,DKI Jakarta,6.88,7.4,48.64,31.11,1.78,1.21,0.17,2.81,100
Laki-Laki,2009,Jawa Barat,4.68,3.04,36.46,31.59,20.49,1.41,0.14,2.17,100
Laki-Laki,2009,Jawa Tengah,4.88,2.96,29.58,30.19,28.09,1.97,0.2,2.15,100
Laki-Laki,2009,DI Yogyakarta,10.15,8.83,35.01,29.64,13.27,1.19,0,1.9,100
Laki-Laki,2009,Jawa Timur,6.19,3.07,23.46,24.17,38.45,2.09,0.35,2.21,100
Laki-Laki,2009,Banten,2.93,4.56,40.26,26.19,22.65,0.82,0.03,2.56,100
Laki-Laki,2009,Bali,3.92,3.66,42.95,22.77,24.23,1.42,0,1.05,100
Laki-Laki,2009,Nusa Tenggara Barat,5.28,0.46,21.32,38.62,28.72,4.18,0.12,1.3,100
Laki-Laki,2009,Nusa Tenggara Timur,6.35,3.22,10.3,68.45,5.9,0.57,0.24,4.97,100
Laki-Laki,2009,Kalimantan Barat,9.67,1.71,15.56,38.39,27.17,2.41,0.24,4.85,100
Laki-Laki,2009,Kalimantan Tengah,8.25,1.28,17.27,49.98,16.01,1.74,0.67,4.81,100
Laki-Laki,2009,Kalimantan Selatan,6.7,1.26,16.9,39.1,30,2.73,0.12,3.2,100
Laki-Laki,2009,Kalimantan Timur,10.32,7.19,28.79,43.84,8.06,0.41,0.11,1.28,100
Laki-Laki,2009,Kalimantan Utara,,,,,,,,,
Laki-Laki,2009,Sulawesi Utara,6.83,2.75,34.75,29.99,22.29,0.48,0.29,2.62,100
Laki-Laki,2009,Sulawesi Tengah,9.44,0.87,14.6,47.61,21.87,1.63,0.48,3.51,100
Laki-Laki,2009,Sulawesi Selatan,9.36,1.84,18.26,48.55,17.36,0.81,0.23,3.59,100
Laki-Laki,2009,Sulawesi Tenggara,9.39,1.72,11.9,61.27,9.81,2.2,0.51,3.2,100
Laki-Laki,2009,Gorontalo,3.78,0.29,27.15,40.32,19.4,1.48,0.35,7.23,100
Laki-Laki,2009,Sulawesi Barat,5.96,0.73,15.64,58.38,14.26,1.51,0.58,2.94,100
Laki-Laki,2009,Maluku,10.15,1.74,15.61,55.45,12.58,0.12,0.23,4.12,100
Laki-Laki,2009,Maluku Utara,14.01,0.42,14.35,53.2,12.56,0.42,0.21,4.83,100
Laki-Laki,2009,Papua Barat,12.25,4.82,21.03,53.04,6.78,0.55,0,1.53,100
Laki-Laki,2009,Papua,12.52,3.77,12.13,63.44,3.52,0.19,1.02,3.41,100
Laki-Laki,2009,I N D O N E S I A,6.05,3.55,27.93,32.93,24.48,1.95,0.27,2.84,100
Perempuan,2009,Aceh,10.39,1.8,14.65,46.79,20.31,1.97,0.41,3.69,100
Perempuan,2009,Sumatera Utara,5.18,6.41,21.19,19.87,40.13,2.43,0.44,4.34,100
Perempuan,2009,Sumatera Barat,7.01,1.42,14.48,35.72,33.59,5.41,0.33,2.05,100
Perempuan,2009,Riau,8.47,7.03,29.22,35.6,15.33,2.18,0.16,2,100
Perempuan,2009,Jambi,6.68,1.01,24.49,43.45,19.31,1.92,0.34,2.81,100
Perempuan,2009,Sumatera Selatan,9.28,4.21,24.97,32.77,23.32,1.55,0.75,3.14,100
Perempuan,2009,Bengkulu,7.45,1.63,26.25,31.48,26.72,1.42,0.49,4.57,100
Perempuan,2009,Lampung,3.45,1.9,23.45,27.55,36.38,3.3,1.23,2.75,100
Perempuan,2009,Kepulauan Bangka Belitung,6.49,6.14,23.82,38.91,17.54,1.2,0.18,5.73,100
Perempuan,2009,Kepulauan Riau,3.68,3.71,13.29,67.03,9.1,0.6,0.22,2.37,100
Perempuan,2009,DKI Jakarta,6.27,7.33,45.2,35.63,2.69,0.97,0.28,1.63,100
Perempuan,2009,Jawa Barat,5.01,3.39,34.32,34.21,19.71,0.95,0.46,1.96,100
Perempuan,2009,Jawa Tengah,4.66,3.35,27.52,32.32,27.52,2.07,0.41,2.17,100
Perempuan,2009,DI Yogyakarta,5.75,6.63,29.01,36.71,16.17,0.92,0,4.81,100
Perempuan,2009,Jawa Timur,4.9,2.88,24.33,25.44,37.03,2.12,0.22,3.08,100
Perempuan,2009,Banten,3.13,3.85,35.86,28.41,23.09,1.41,0.24,4,100
Perempuan,2009,Bali,5.5,1.85,37.06,24.32,28.22,1.22,0.03,1.79,100
Perempuan,2009,Nusa Tenggara Barat,2.57,0.4,21.1,37.18,29.94,7.45,0.32,1.05,100
Perempuan,2009,Nusa Tenggara Timur,6.48,3.22,8.95,69.47,6.78,0.44,0.31,4.35,100
Perempuan,2009,Kalimantan Barat,7.91,2.17,14.95,39.22,28.72,2.6,0.65,3.78,100
Perempuan,2009,Kalimantan Tengah,7.57,1.53,15.85,52.88,14.7,2.92,1.51,3.03,100
Perempuan,2009,Kalimantan Selatan,5.59,1.52,17.54,42.93,28.34,1.75,0.14,2.2,100
Perempuan,2009,Kalimantan Timur,9.01,8.07,26.43,44.37,10.07,0.47,0.17,1.42,100
Perempuan,2009,Kalimantan Utara,,,,,,,,,
Perempuan,2009,Sulawesi Utara,7.91,3.23,36.08,31.49,18.9,0.5,0.22,1.67,100
Perempuan,2009,Sulawesi Tengah,8.29,0.66,14.58,50.49,20.39,1.36,0.31,3.91,100
Perempuan,2009,Sulawesi Selatan,9.28,2.01,15.84,52.13,17.65,0.86,0.29,1.95,100
Perempuan,2009,Sulawesi Tenggara,9.58,1.16,12.12,58.37,10.22,3.16,1.76,3.64,100
Perempuan,2009,Gorontalo,4.91,0.32,28.44,40.12,19.05,2.1,0.6,4.45,100
Perempuan,2009,Sulawesi Barat,5.27,0.45,13.66,56.74,19.81,1.12,0.36,2.59,100
Perempuan,2009,Maluku,6.03,1.9,15.01,59.73,12.5,0.62,0.18,4.03,100
Perempuan,2009,Maluku Utara,10.11,1.39,17.42,56.45,10.89,1.29,1.01,1.45,100
Perempuan,2009,Papua Barat,11.41,4.28,24.3,55.77,1.8,0.41,0.22,1.82,100
Perempuan,2009,Papua,11.73,4,11.32,63.24,3.13,0.23,3.93,2.42,100
Perempuan,2009,I N D O N E S I A,5.64,3.41,26.52,34.99,24.46,1.86,0.42,2.71,100
Laki-Laki,2010,Aceh,10.76,1.83,16.21,40,24.29,3.83,0.08,3,100
Laki-Laki,2010,Sumatera Utara,7.19,5.94,23.29,20.31,35.65,3.25,0.16,4.2,100
Laki-Laki,2010,Sumatera Barat,7.81,2.12,14.94,30.47,31.37,9.83,0.18,3.28,100
Laki-Laki,2010,Riau,9.19,10.91,28.12,32.87,12.57,2.83,0.31,3.2,100
Laki-Laki,2010,Jambi,8.29,2,27.85,34.91,19.11,3.01,0.19,4.64,100
Laki-Laki,2010,Sumatera Selatan,8.72,2.93,23.15,31.74,27.65,2.29,0.18,3.34,100
Laki-Laki,2010,Bengkulu,5.4,1.22,23.69,34.79,30.48,2.64,0,1.77,100
Laki-Laki,2010,Lampung,3.85,2.6,24.67,27.6,37.11,1.52,0.07,2.57,100
Laki-Laki,2010,Kepulauan Bangka Belitung,10.96,4.12,19.73,35.76,21.53,4.28,0.69,2.93,100
Laki-Laki,2010,Kepulauan Riau,13.26,11.05,23.11,33.17,11.7,3.11,0.71,3.89,100
Laki-Laki,2010,DKI Jakarta,5.24,10.87,45.92,32.8,1.49,0.87,0.26,2.56,100
Laki-Laki,2010,Jawa Barat,5.61,4.49,37.67,32.82,15.99,1.13,0,2.29,100
Laki-Laki,2010,Jawa Tengah,5.32,3.02,29.18,28.42,29.89,2.14,0.06,1.97,100
Laki-Laki,2010,DI Yogyakarta,9.77,8.56,31.89,31.64,15.23,1.41,0,1.5,100
Laki-Laki,2010,Jawa Timur,4.44,3.03,25.42,24.81,37.77,1.72,0.13,2.68,100
Laki-Laki,2010,Banten,6.09,5.57,37.08,28.78,16.68,1.69,1.07,3.04,100
Laki-Laki,2010,Bali,6.32,3.14,37.85,24.35,22.59,2.81,0.05,2.9,100
Laki-Laki,2010,Nusa Tenggara Barat,4.08,0.67,23.14,43.03,18.41,8.36,0.11,2.19,100
Laki-Laki,2010,Nusa Tenggara Timur,6.27,3.13,9.81,67.04,8.54,0.75,0.09,4.37,100
Laki-Laki,2010,Kalimantan Barat,8.49,1.79,19.71,38.61,25.66,2.28,0.07,3.4,100
Laki-Laki,2010,Kalimantan Tengah,12.19,0.73,16.71,47.31,18.01,0.79,0.01,4.24,100
Laki-Laki,2010,Kalimantan Selatan,5.54,1.21,15.04,41.96,29.4,3.29,0.73,2.83,100
Laki-Laki,2010,Kalimantan Timur,11.99,6.15,30.52,42.85,6.71,0.51,0.11,1.16,100
Laki-Laki,2010,Kalimantan Utara,,,,,,,,,
Laki-Laki,2010,Sulawesi Utara,8,3.09,32.22,29.64,23.89,0.58,0.2,2.38,100
Laki-Laki,2010,Sulawesi Tengah,9.4,1.3,15.15,51.16,17.07,3.79,0.34,1.79,100
Laki-Laki,2010,Sulawesi Selatan,10.06,1.75,18.23,49.65,16.58,1.29,0.11,2.33,100
Laki-Laki,2010,Sulawesi Tenggara,9.22,1.68,13.75,57.71,10.21,3.25,0.3,3.88,100
Laki-Laki,2010,Gorontalo,3.38,0.33,27.86,41.99,20.65,4.5,0,1.28,100
Laki-Laki,2010,Sulawesi Barat,7.26,1.25,11.83,55.69,16.12,2.88,0.08,4.89,100
Laki-Laki,2010,Maluku,7.44,3.31,13.69,57.95,15.23,0,0,2.37,100
Laki-Laki,2010,Maluku Utara,15.71,1.84,12.94,54.05,12.81,0.48,0.03,2.14,100
Laki-Laki,2010,Papua Barat,13.69,8.58,21.81,47.01,5.4,0.11,0.11,3.29,100
Laki-Laki,2010,Papua,18.54,4.69,16.55,55.88,2.26,0.14,0.21,1.72,100
Laki-Laki,2010,I N D O N E S I A,6.52,3.91,27.73,33.37,23.36,2.27,0.16,2.69,100
Perempuan,2010,Aceh,10.84,2.07,14.91,42.75,24.04,2.27,0.48,2.63,100
Perempuan,2010,Sumatera Utara,7.14,7.33,21.62,20.93,36.61,2.26,0.34,3.77,100
Perempuan,2010,Sumatera Barat,6.86,1.81,13.94,32.67,34.27,7.39,0.27,2.8,100
Perempuan,2010,Riau,7.49,7.36,25.24,38.13,12.61,2.06,1.59,5.53,100
Perempuan,2010,Jambi,8.92,2.09,23.26,38.82,21.51,1.97,1.15,2.29,100
Perempuan,2010,Sumatera Selatan,8.39,3.72,23.49,33.01,26.38,3.02,0.57,1.43,100
Perempuan,2010,Bengkulu,5.87,1.65,24.17,34.34,29.28,2.67,0.44,1.58,100
Perempuan,2010,Lampung,3.15,2.48,23.75,30.99,35.14,1.79,0.23,2.47,100
Perempuan,2010,Kepulauan Bangka Belitung,9.14,2.66,22.11,38.1,21.86,2.63,0.24,3.26,100
Perempuan,2010,Kepulauan Riau,6.39,7.65,26.84,39.41,13.07,3.16,0.21,3.26,100
Perempuan,2010,DKI Jakarta,6.53,10.54,42.92,33.69,2.44,0.69,0.32,2.87,100
Perempuan,2010,Jawa Barat,6.26,5.13,33.51,35.4,16.06,0.95,0.23,2.47,100
Perempuan,2010,Jawa Tengah,4.09,2.48,27.04,32.04,30.79,1.53,0.25,1.78,100
Perempuan,2010,DI Yogyakarta,4.65,9.85,34.07,34.2,14.73,0.63,0.13,1.74,100
Perempuan,2010,Jawa Timur,5.42,3.1,22.2,26.86,38.95,1.28,0.17,2.02,100
Perempuan,2010,Banten,5.87,6.12,30.62,32.18,20.18,1.21,0.97,2.85,100
Perempuan,2010,Bali,5.63,3.88,39.3,24.73,23.46,1.76,0.09,1.14,100
Perempuan,2010,Nusa Tenggara Barat,3.03,0.21,21.62,38.34,24.9,9.42,0.4,2.08,100
Perempuan,2010,Nusa Tenggara Timur,6.03,3.05,8.32,69.75,7.89,1.09,0.17,3.7,100
Perempuan,2010,Kalimantan Barat,7.99,2.22,18.35,40.71,24.81,2.54,0.33,3.05,100
Perempuan,2010,Kalimantan Tengah,8.59,1.33,18.68,50.5,16.35,0.73,0.2,3.62,100
Perempuan,2010,Kalimantan Selatan,5.93,1.17,13.42,43.89,30.83,1.6,0.38,2.78,100
Perempuan,2010,Kalimantan Timur,9.48,5.67,30.11,47.08,5.87,0.37,0.29,1.14,100
Perempuan,2010,Kalimantan Utara,,,,,,,,,
Perempuan,2010,Sulawesi Utara,7.18,3.92,29.93,34.07,20.52,0.67,0.42,3.3,100
Perempuan,2010,Sulawesi Tengah,8.98,1.37,16.42,52.45,16.44,2.51,0.56,1.28,100
Perempuan,2010,Sulawesi Selatan,7.96,1.6,16.43,54.83,15.86,0.95,0.39,1.99,100
Perempuan,2010,Sulawesi Tenggara,9.79,2,12.81,58.98,10.09,2.51,0.62,3.21,100
Perempuan,2010,Gorontalo,4.54,0.38,25.84,43.63,21.13,3.19,0.33,0.96,100
Perempuan,2010,Sulawesi Barat,6.37,0.47,11.09,63.22,14.94,0.98,0.69,2.23,100
Perempuan,2010,Maluku,5.31,1.64,18.51,55.72,12.76,0.43,0.06,5.57,100
Perempuan,2010,Maluku Utara,13.26,2.05,13.62,56.66,12.13,0.19,0.37,1.73,100
Perempuan,2010,Papua Barat,15.72,6.62,16.73,52.33,3.01,0.35,0,5.24,100
Perempuan,2010,Papua,21.53,5.52,17.05,52.29,2.23,0.3,0.22,0.85,100
Perempuan,2010,I N D O N E S I A,6.25,3.99,25.5,35.75,23.93,1.83,0.33,2.42,100
Laki-Laki,2011,Aceh,11.45,1.13,13.7,39.99,28.07,2.63,0.12,2.9,100
Laki-Laki,2011,Sumatera Utara,8.31,7.74,20.27,16.38,38.37,4.66,0.41,3.86,100
Laki-Laki,2011,Sumatera Barat,7.67,2.45,14.44,28.79,36.56,8.44,0.14,1.51,100
Laki-Laki,2011,Riau,8.82,7.69,31.13,26.95,19.57,1.62,0.36,3.86,100
Laki-Laki,2011,Jambi,7.53,1.87,25.87,30.36,25.7,2.36,0.28,6.02,100
Laki-Laki,2011,Sumatera Selatan,6.1,4.02,25.25,30.59,28.79,1.52,0.84,2.9,100
Laki-Laki,2011,Bengkulu,7.59,2.26,21.19,25.96,35.39,4.68,0.2,2.74,100
Laki-Laki,2011,Lampung,2.23,3.08,23.52,24.13,41.68,2.84,0.07,2.46,100
Laki-Laki,2011,Kepulauan Bangka Belitung,6.01,4.69,25.11,32.1,24.67,3.25,0.7,3.47,100
Laki-Laki,2011,Kepulauan Riau,5.89,10.62,25.61,41.29,11.58,2.77,0,2.24,100
Laki-Laki,2011,DKI Jakarta,7.94,9.2,48.09,29.35,1.51,0.98,0.42,2.5,100
Laki-Laki,2011,Jawa Barat,5.68,5.09,33.64,31.63,18.07,2.34,0.47,3.08,100
Laki-Laki,2011,Jawa Tengah,5.17,3.88,28.79,25,32.12,2.62,0.42,2,100
Laki-Laki,2011,DI Yogyakarta,10.25,10.85,31.88,25.6,18.29,2.02,0.01,1.1,100
Laki-Laki,2011,Jawa Timur,5.08,3.57,24.57,22.98,37.87,3.37,0.4,2.16,100
Laki-Laki,2011,Banten,4.81,6.02,36.75,24.17,20.82,3.29,1.24,2.9,100
Laki-Laki,2011,Bali,5.53,2.6,34.9,21.37,29.27,4.45,0.09,1.8,100
Laki-Laki,2011,Nusa Tenggara Barat,3.99,1.2,22.4,38.76,23.95,6.68,0.79,2.23,100
Laki-Laki,2011,Nusa Tenggara Timur,5.11,2.95,10.45,69.47,7.98,0.14,0.03,3.87,100
Laki-Laki,2011,Kalimantan Barat,6.07,3.26,15.34,32.91,35.9,4.37,0.2,1.95,100
Laki-Laki,2011,Kalimantan Tengah,9.42,1.06,18.23,49.09,18.96,0.81,0.04,2.39,100
Laki-Laki,2011,Kalimantan Selatan,6.28,3.59,17.7,34.16,32.53,2.85,0.26,2.63,100
Laki-Laki,2011,Kalimantan Timur,10.79,7.79,27.53,44.27,7.25,0.77,0.27,1.33,100
Laki-Laki,2011,Kalimantan Utara,,,,,,,,,
Laki-Laki,2011,Sulawesi Utara,11.71,3.22,37.01,26.68,17.92,0.92,0.58,1.96,100
Laki-Laki,2011,Sulawesi Tengah,6.73,0.96,13.17,42.65,29.96,4.55,0.61,1.38,100
Laki-Laki,2011,Sulawesi Selatan,10.91,1.59,17.39,49.28,17.21,1.3,0.48,1.84,100
Laki-Laki,2011,Sulawesi Tenggara,6.48,2.38,13.09,53.08,16.76,4.2,0.63,3.38,100
Laki-Laki,2011,Gorontalo,4.17,0.38,26.22,37.67,24.33,5.59,0.4,1.25,100
Laki-Laki,2011,Sulawesi Barat,4.21,1.62,12.34,55.47,19.64,3.07,0.77,2.87,100
Laki-Laki,2011,Maluku,7.71,2.54,11.92,53.71,17,2.84,0.37,3.91,100
Laki-Laki,2011,Maluku Utara,8.73,0.87,14.76,55.5,14.77,0.16,0.08,5.14,100
Laki-Laki,2011,Papua Barat,13.33,6.09,18.17,58.07,2.65,0.42,0.12,1.14,100
Laki-Laki,2011,Papua,15.29,2.93,14.91,61.54,2.62,0.45,0.5,1.77,100
Laki-Laki,2011,I N D O N E S I A,6.34,4.42,27.15,30.42,25.74,2.93,0.43,2.58,100
Perempuan,2011,Aceh,11.19,1.29,12.53,42.17,28.08,3,0.22,1.52,100
Perempuan,2011,Sumatera Utara,6.01,7.14,20.67,18.75,41.31,3.03,0.29,2.79,100
Perempuan,2011,Sumatera Barat,7.35,2.02,14.55,29.77,37.79,7.07,0.19,1.25,100
Perempuan,2011,Riau,6.97,8.02,27.26,30.08,22.43,1.42,0.67,3.15,100
Perempuan,2011,Jambi,5.55,3.02,22.76,35.93,25.18,1.47,0.53,5.55,100
Perempuan,2011,Sumatera Selatan,5.22,3.19,22.4,30.89,29.86,1.4,0.82,6.2,100
Perempuan,2011,Bengkulu,5.7,2.43,21.74,25.77,39.33,2.87,0.46,1.71,100
Perempuan,2011,Lampung,2.2,2.63,22.01,25.56,41.62,3.43,0.31,2.24,100
Perempuan,2011,Kepulauan Bangka Belitung,6.47,4.56,21.84,35.1,24.92,2.49,0.87,3.75,100
Perempuan,2011,Kepulauan Riau,8.31,10.29,26.87,38.32,12.08,2.23,0.54,1.36,100
Perempuan,2011,DKI Jakarta,5.16,10.14,44.81,32.19,2.93,1.66,0.42,2.69,100
Perempuan,2011,Jawa Barat,5.17,4.71,30.55,36.22,18.84,1.97,0.53,2.01,100
Perempuan,2011,Jawa Tengah,4.36,3.36,27.29,28.46,32.05,2.07,0.38,2.03,100
Perempuan,2011,DI Yogyakarta,6.24,8.36,31.44,33.88,16.68,1.69,0.07,1.65,100
Perempuan,2011,Jawa Timur,4.74,4,23.53,25.1,37.08,2.8,0.55,2.19,100
Perempuan,2011,Banten,3.91,5.79,34.24,27.05,24.1,2.17,0.55,2.19,100
Perempuan,2011,Bali,5.09,2.44,32.04,23.67,30.44,2.45,0.77,3.09,100
Perempuan,2011,Nusa Tenggara Barat,3.19,1.01,22.68,37.79,27.68,5.46,0.52,1.68,100
Perempuan,2011,Nusa Tenggara Timur,5.21,2.54,8.78,72.07,6.91,0.11,0.12,4.27,100
Perempuan,2011,Kalimantan Barat,5.04,1.9,15.98,37.3,34.57,3.31,0.65,1.26,100
Perempuan,2011,Kalimantan Tengah,8.23,1.08,15.19,52.91,18.74,0.6,0.25,3.02,100
Perempuan,2011,Kalimantan Selatan,5.94,1.4,16.03,39.47,32.83,2.71,0.2,1.43,100
Perempuan,2011,Kalimantan Timur,10.67,6.7,29.21,44.61,5.84,0.63,0.18,2.17,100
Perempuan,2011,Kalimantan Utara,,,,,,,,,
Perempuan,2011,Sulawesi Utara,6.78,4.49,37.25,30.38,16.47,0.89,0.95,2.8,100
Perempuan,2011,Sulawesi Tengah,6.16,1.52,12.39,45.45,29.22,3.38,0.07,1.81,100
Perempuan,2011,Sulawesi Selatan,9.32,1.15,15.34,51.91,17.78,1.35,0.22,2.94,100
Perempuan,2011,Sulawesi Tenggara,5.78,1.18,13.83,53.69,18.93,2.02,0.94,3.63,100
Perempuan,2011,Gorontalo,3.26,0.65,21.38,41.99,25.51,5.16,0.77,1.27,100
Perempuan,2011,Sulawesi Barat,4.95,0.8,11.8,54.34,23.36,3.08,0.5,1.15,100
Perempuan,2011,Maluku,5.14,2.48,15.79,53.1,15.28,3.58,0.76,3.87,100
Perempuan,2011,Maluku Utara,9.52,0.95,14.65,53.2,14.66,0.82,0.18,6.02,100
Perempuan,2011,Papua Barat,13.23,5.74,19.35,55.7,3.53,0,0.38,2.09,100
Perempuan,2011,Papua,16.13,4.07,12.27,62.48,2.56,0.36,0.43,1.69,100
Perempuan,2011,I N D O N E S I A,5.46,4.16,25.36,33.41,26.4,2.4,0.45,2.36,100
Laki-Laki,2012,Aceh,11.06,1.88,15.75,40.37,24.47,3.13,0.26,3.09,100
Laki-Laki,2012,Sumatera Utara,5.16,6.74,21.81,18.34,37.84,4.14,1.14,4.83,100
Laki-Laki,2012,Sumatera Barat,8.42,2.56,13.52,26.71,38.84,7.34,0.22,2.4,100
Laki-Laki,2012,Riau,7.79,9.78,26.19,22.23,20.22,5.24,3.45,5.12,100
Laki-Laki,2012,Jambi,8.69,3.25,23.1,28.44,27.87,3.54,1.74,3.38,100
Laki-Laki,2012,Sumatera Selatan,7.02,4.95,22.7,25.39,33.17,2.11,0.66,4.01,100
Laki-Laki,2012,Bengkulu,6.41,1.64,23.59,22.79,38.92,3.93,0.27,2.45,100
Laki-Laki,2012,Lampung,3.34,2.15,23.92,23.13,43.27,2.02,0.24,1.93,100
Laki-Laki,2012,Kepulauan Bangka Belitung,10.1,10.87,17,21.09,16.19,9.07,7.33,8.35,100
Laki-Laki,2012,Kepulauan Riau,10.57,11.03,23.47,34.04,12.79,3.54,0.7,3.86,100
Laki-Laki,2012,DKI Jakarta,8.91,10.55,43.97,26.6,2.62,1.29,1.17,4.89,100
Laki-Laki,2012,Jawa Barat,5.5,5,34.85,29.35,20.34,2.03,0.62,2.31,100
Laki-Laki,2012,Jawa Tengah,5.03,4.78,28.88,22.95,33,2.67,0.39,2.3,100
Laki-Laki,2012,DI Yogyakarta,5.96,11.99,35.09,25.07,17.14,1.35,0.14,3.25,100
Laki-Laki,2012,Jawa Timur,5.85,4.12,23.89,21.28,38.9,3.18,0.59,2.2,100
Laki-Laki,2012,Banten,3.96,5.69,42.68,21.96,21.95,1.8,0.38,1.57,100
Laki-Laki,2012,Bali,6.91,3.36,38.76,18.56,28.02,3.07,0.34,0.97,100
Laki-Laki,2012,Nusa Tenggara Barat,4.97,0.77,20.42,34.31,27.82,9.26,0.28,2.16,100
Laki-Laki,2012,Nusa Tenggara Timur,4.72,3.52,11.9,63.83,7.95,1.37,0.92,5.79,100
Laki-Laki,2012,Kalimantan Barat,6.01,2.62,14.38,36.63,31.98,3.46,1.16,3.75,100
Laki-Laki,2012,Kalimantan Tengah,10.41,2.12,16.39,45.08,23.72,0.79,0.21,1.28,100
Laki-Laki,2012,Kalimantan Selatan,6.54,2.57,19.35,31.26,35.92,2.27,0.11,1.99,100
Laki-Laki,2012,Kalimantan Timur,12.65,5.46,30.55,40.08,7.44,0.35,0.29,3.17,100
Laki-Laki,2012,Kalimantan Utara,,,,,,,,,
Laki-Laki,2012,Sulawesi Utara,7.19,3.77,35.55,23.67,21.77,2.22,1.68,4.14,100
Laki-Laki,2012,Sulawesi Tengah,6.13,0.94,12.35,44.37,29.99,4.2,0.35,1.66,100
Laki-Laki,2012,Sulawesi Selatan,9.57,1.73,14.74,51.4,16.3,2.71,0.57,2.98,100
Laki-Laki,2012,Sulawesi Tenggara,7.71,1.31,14.9,52.74,16.98,3.4,0.33,2.62,100
Laki-Laki,2012,Gorontalo,2.92,0.32,25.84,38.28,25.96,4.42,0.23,2.02,100
Laki-Laki,2012,Sulawesi Barat,4.09,0.55,11,63.28,15.02,2.28,0,3.76,100
Laki-Laki,2012,Maluku,7.06,1.78,15.7,53.29,14.72,1,0,6.46,100
Laki-Laki,2012,Maluku Utara,10.34,1.96,17.9,55.65,7.38,0,0,6.77,100
Laki-Laki,2012,Papua Barat,15.12,3.03,15.81,59.13,1.29,0.14,0.14,5.34,100
Laki-Laki,2012,Papua,14.65,4.05,16.1,54.45,5.3,1.54,1.58,2.34,100
Laki-Laki,2012,I N D O N E S I A,6.26,4.69,27.25,28.56,26.76,2.93,0.72,2.84,100
perempuan,2012,Aceh,9.26,2.9,16.59,42.54,22.88,2.93,0.46,2.45,100
perempuan,2012,Sumatera Utara,6.07,7.69,17.96,17.72,40.57,4.16,1.73,4.09,100
perempuan,2012,Sumatera Barat,7.15,2.01,15.61,26.67,39.94,6.27,0.47,1.88,100
perempuan,2012,Riau,10.09,9.86,24.12,24.4,20.15,4.19,2.86,4.33,100
perempuan,2012,Jambi,6.04,3.48,26.4,28.78,29.46,1.41,1.24,3.18,100
perempuan,2012,Sumatera Selatan,6.75,4.77,22.34,27.59,33.35,1.95,0.4,2.85,100
perempuan,2012,Bengkulu,6.94,2.59,22.61,23.22,35.96,3.47,0.44,4.77,100
perempuan,2012,Lampung,4.26,3.67,20.98,25.27,40.62,2.44,0.81,1.94,100
perempuan,2012,Kepulauan Bangka Belitung,10.78,8.83,16.38,21.72,18.41,8.99,7.23,7.67,100
perempuan,2012,Kepulauan Riau,12.13,11.89,24.45,32.23,10.02,3.4,1.23,4.64,100
perempuan,2012,DKI Jakarta,8.67,12.04,42.66,29.58,2.1,1.18,0.63,3.14,100
perempuan,2012,Jawa Barat,5.44,5.13,31.25,33.93,19.84,2.23,0.65,1.53,100
perempuan,2012,Jawa Tengah,4.59,3.8,26.42,27.51,32.64,2.09,0.51,2.44,100
perempuan,2012,DI Yogyakarta,5.62,11.05,31.79,27.87,19.27,2.3,0.32,1.8,100
perempuan,2012,Jawa Timur,5.03,3.91,23,22.24,38.9,3.24,0.67,3.01,100
perempuan,2012,Banten,3.3,6.81,36.44,26.16,22.17,1.49,0.95,2.69,100
perempuan,2012,Bali,5.33,3.83,34.61,19.82,31.41,3.85,0,1.16,100
perempuan,2012,Nusa Tenggara Barat,3.78,0.74,18.51,38.6,29.29,6.73,0.34,2.01,100
perempuan,2012,Nusa Tenggara Timur,4.4,2.66,9.68,69.75,7.99,0.71,0.47,4.35,100
perempuan,2012,Kalimantan Barat,5.2,4.24,16.02,34.78,33.86,2.73,0.68,2.49,100
perempuan,2012,Kalimantan Tengah,8.76,1.53,18.2,45.02,22.53,0.83,0.31,2.82,100
perempuan,2012,Kalimantan Selatan,5.49,1.31,14.99,36.24,36.98,2.62,0.32,2.05,100
perempuan,2012,Kalimantan Timur,10.24,5.57,26.07,49.19,6.46,0.29,0.1,2.09,100
perempuan,2012,Kalimantan Utara,,,,,,,,,
perempuan,2012,Sulawesi Utara,6.89,5.28,33.05,28.59,19.54,1.65,1.37,3.63,100
perempuan,2012,Sulawesi Tengah,7.05,1.21,13.7,42.94,28.22,4.27,0.45,2.16,100
perempuan,2012,Sulawesi Selatan,9,2.5,14.97,52.44,16.76,1.58,0.58,2.18,100
perempuan,2012,Sulawesi Tenggara,6.92,1.09,13.5,54.64,16.65,2.1,0.95,4.14,100
perempuan,2012,Gorontalo,2.96,1.5,26.53,40.7,23.19,3.37,0.38,1.36,100
perempuan,2012,Sulawesi Barat,3.58,0.46,11.65,62.1,17.15,2.49,0.11,2.46,100
perempuan,2012,Maluku,8.36,0.71,19.93,55.2,12.69,0.47,0.04,2.59,100
perempuan,2012,Maluku Utara,11.93,1.62,16.62,57.41,7.84,0.6,0.09,3.91,100
perempuan,2012,Papua Barat,12.3,6.45,15.03,59.25,1.87,0.79,1.09,3.21,100
perempuan,2012,Papua,14.61,4.62,14.6,56.28,3.9,1.65,1.65,2.68,100
perempuan,2012,I N D O N E S I A,5.86,4.76,25.05,31.24,27.04,2.7,0.77,2.58,100
Laki-Laki,2013,Aceh,10.02,1.86,14.67,38.01,30.25,3,0.41,1.79,100
Laki-Laki,2013,Sumatera Utara,6.2,6.57,20.61,18.82,38.48,5.04,0.79,3.49,100
Laki-Laki,2013,Sumatera Barat,7.34,2.89,13.37,26.78,40.15,6.45,0.83,2.2,100
Laki-Laki,2013,Riau,5.73,8.06,32.46,24.26,22.7,3.77,0.8,2.23,100
Laki-Laki,2013,Jambi,7.25,2.49,24.26,25.56,31.02,4.83,0.71,3.89,100
Laki-Laki,2013,Sumatera Selatan,8.45,5.37,21.94,23.42,32.61,3.04,1.13,4.03,100
Laki-Laki,2013,Bengkulu,7.77,1.38,24.67,22.36,37.33,4.01,0.5,1.99,100
Laki-Laki,2013,Lampung,3.11,2.78,22.74,19.37,45.68,2.65,0.54,3.13,100
Laki-Laki,2013,Kepulauan Bangka Belitung,6.63,3.25,25.36,32.9,25.63,3.93,0.38,1.92,100
Laki-Laki,2013,Kepulauan Riau,10.21,11.21,25.53,21.99,13.93,6.04,4.82,6.28,100
Laki-Laki,2013,DKI Jakarta,8.05,9.59,39.88,34.09,2.63,1.59,0.95,3.23,100
Laki-Laki,2013,Jawa Barat,5.62,6.01,35.58,25.99,19.55,2.78,1.49,2.97,100
Laki-Laki,2013,Jawa Tengah,5.09,4.69,30.72,21.52,32.69,2.59,0.69,2.01,100
Laki-Laki,2013,DI Yogyakarta,7.61,10.59,35.31,25.86,14.72,3.05,0.74,2.11,100
Laki-Laki,2013,Jawa Timur,5.39,4.76,26.17,20.54,36.78,3.24,0.68,2.44,100
Laki-Laki,2013,Banten,5.29,5.28,43.75,19.91,21.41,1.68,0.49,2.19,100
Laki-Laki,2013,Bali,6.16,3.9,37.47,18.02,28.66,3.94,0.21,1.65,100
Laki-Laki,2013,Nusa Tenggara Barat,5.78,1.7,26.74,33.42,25.54,4.64,0.61,1.57,100
Laki-Laki,2013,Nusa Tenggara Timur,5.49,2.8,11.77,68.2,6.76,0.7,0.27,4.01,100
Laki-Laki,2013,Kalimantan Barat,7.26,2.77,16.77,33.57,31.14,3.71,1.41,3.37,100
Laki-Laki,2013,Kalimantan Tengah,8.85,1.51,17.22,41.81,26.33,1.88,0.42,1.97,100
Laki-Laki,2013,Kalimantan Selatan,6.74,1.79,18.11,30.04,35.57,2.89,0.35,4.49,100
Laki-Laki,2013,Kalimantan Timur,12.34,6.75,24.23,40.94,9.93,1.73,1.34,2.74,100
Laki-Laki,2013,Kalimantan Utara,,,,,,,,,
Laki-Laki,2013,Sulawesi Utara,6.01,5.41,33.61,32.25,19.46,0.96,0.14,2.16,100
Laki-Laki,2013,Sulawesi Tengah,6.97,1.96,15.99,42.17,23.14,4.76,0.23,4.79,100
Laki-Laki,2013,Sulawesi Selatan,8.85,2.16,15.04,47.46,21.55,1.67,0.72,2.55,100
Laki-Laki,2013,Sulawesi Tenggara,7.49,1.84,15.14,50.8,17.61,2.47,0.7,3.96,100
Laki-Laki,2013,Gorontalo,4.12,0,24.58,39.69,27.3,3.28,0.2,0.84,100
Laki-Laki,2013,Sulawesi Barat,7.58,0.97,12.09,54.63,18.86,3.4,0.71,1.76,100
Laki-Laki,2013,Maluku,9,1.11,16.76,46.84,23.12,1.33,0.39,1.46,100
Laki-Laki,2013,Maluku Utara,9.49,2.69,15.4,51.46,6.73,2.37,1.13,10.73,100
Laki-Laki,2013,Papua Barat,18.39,2.95,15.48,56.8,4.24,0.51,0.51,1.12,100
Laki-Laki,2013,Papua,17.14,2.34,17.58,58.9,1.96,0.31,0.49,1.28,100
Laki-Laki,2013,I N D O N E S I A,6.23,4.89,28.46,27.19,26.73,2.96,0.87,2.67,100
perempuan,2013,Aceh,9.62,1.25,12.34,42.11,29.64,2.7,0.53,1.82,100
perempuan,2013,Sumatera Utara,6,7.43,19.6,18.73,39.55,3.97,0.75,3.98,100
perempuan,2013,Sumatera Barat,7.02,2.91,13.45,27.8,39.69,5.88,0.79,2.46,100
perempuan,2013,Riau,7.09,7.59,26.86,27.02,24.1,3.37,1.13,2.84,100
perempuan,2013,Jambi,5.88,2.5,23.95,28.31,33.01,2.53,0.54,3.28,100
perempuan,2013,Sumatera Selatan,7.26,6.07,20.94,23.99,34.13,2.03,1.39,4.2,100
perempuan,2013,Bengkulu,5.28,2.07,22.08,25.26,40.16,1.94,0.22,3,100
perempuan,2013,Lampung,4.28,3.22,19.38,21.9,46.86,1.58,0.42,2.36,100
perempuan,2013,Kepulauan Bangka Belitung,7.6,4.04,23.4,33.26,24.45,4.99,0.68,1.57,100
perempuan,2013,Kepulauan Riau,9.12,11.07,26.83,27.06,13.07,4.29,3.16,5.39,100
perempuan,2013,DKI Jakarta,8.81,9.05,38.27,35.11,3.17,1.74,0.89,2.95,100
perempuan,2013,Jawa Barat,5.15,4.17,34.2,29.86,19.81,3.11,1.2,2.51,100
perempuan,2013,Jawa Tengah,4.99,4.32,27.16,24.38,34.19,2.1,0.74,2.12,100
perempuan,2013,DI Yogyakarta,7.62,10.33,29.16,31.3,15.15,3,1.25,2.18,100
perempuan,2013,Jawa Timur,4.8,4.08,24.9,21.59,39.34,2.5,0.63,2.14,100
perempuan,2013,Banten,3.56,5.76,37.93,25.09,22.1,1.41,1.25,2.88,100
perempuan,2013,Bali,5.08,3.89,33.42,21.93,30.89,3.62,0.11,1.06,100
perempuan,2013,Nusa Tenggara Barat,4.2,0.67,25.14,37.4,26.46,4.23,0.48,1.41,100
perempuan,2013,Nusa Tenggara Timur,5.01,2.74,11.06,70.21,6.55,0.56,0.34,3.53,100
perempuan,2013,Kalimantan Barat,6.74,3.81,16.31,32.54,33.53,2.64,1.6,2.83,100
perempuan,2013,Kalimantan Tengah,8.01,1.83,15.22,44.12,26.75,1.22,0.32,2.53,100
perempuan,2013,Kalimantan Selatan,4.62,0.73,18.13,32.18,38.08,2.63,0.27,3.37,100
perempuan,2013,Kalimantan Timur,9.83,7.81,26.87,39.4,10.34,1.34,1,3.4,100
perempuan,2013,Kalimantan Utara,,,,,,,,,
perempuan,2013,Sulawesi Utara,7.14,3.04,33.32,33.24,20.43,0.59,0.1,2.13,100
perempuan,2013,Sulawesi Tengah,7.7,0.95,13.63,43.79,23.88,4.54,0.75,4.77,100
perempuan,2013,Sulawesi Selatan,8.84,1.77,14.83,50,20.3,1.84,0.36,2.06,100
perempuan,2013,Sulawesi Tenggara,5.92,1.24,14.89,56.49,17.27,1.73,0.52,1.94,100
perempuan,2013,Gorontalo,4.49,0.45,23.39,44.1,24.15,2.34,0.31,0.77,100
perempuan,2013,Sulawesi Barat,4.26,0.32,11.63,60.89,21.03,1.06,0.49,0.32,100
perempuan,2013,Maluku,7.02,1.15,20.95,45.07,20.45,2.62,0.63,2.12,100
perempuan,2013,Maluku Utara,10.77,0.93,13.23,56.9,5.92,0.39,0.09,11.77,100
perempuan,2013,Papua Barat,14.3,3.15,16.9,59.23,3.5,0.37,0.95,1.6,100
perempuan,2013,Papua,18.16,4.77,16.77,52.92,3.74,0.9,1.19,1.55,100
perempuan,2013,I N D O N E S I A,5.81,4.37,26.34,29.8,27.74,2.6,0.83,2.51,100
Laki-Laki,2014,Aceh,10.09,1.91,12.95,39.25,28.93,3.73,0.91,2.25,100
Laki-Laki,2014,Sumatera Utara,5.53,6.2,20.85,16.07,41.56,5.76,0.83,3.21,100
Laki-Laki,2014,Sumatera Barat,7.63,3.48,13.73,24.55,38.77,8.51,0.9,2.42,100
Laki-Laki,2014,Riau,5.49,6.21,33.28,22.52,25.02,3.83,0.47,3.17,100
Laki-Laki,2014,Jambi,6.58,2.5,26.38,27.96,30.81,2.61,0.06,3.1,100
Laki-Laki,2014,Sumatera Selatan,5.88,5.61,23.43,21.46,37.32,3.49,0.57,2.24,100
Laki-Laki,2014,Bengkulu,5.92,2.3,24.55,21.13,39.21,4.28,0.81,1.8,100
Laki-Laki,2014,Lampung,3,3.12,22.4,20.17,45.25,2.64,0.61,2.82,100
Laki-Laki,2014,Kepulauan Bangka Belitung,8.04,4.32,30.83,27.29,25.1,3.05,0.36,1.01,100
Laki-Laki,2014,Kepulauan Riau,8.19,10.47,34.83,23.06,14.19,4.72,1.59,2.95,100
Laki-Laki,2014,DKI Jakarta,7.39,10.13,45.72,31.11,1.59,1.38,0.38,2.3,100
Laki-Laki,2014,Jawa Barat,5.04,4.88,36.77,26.18,21.37,2.58,0.92,2.25,100
Laki-Laki,2014,Jawa Tengah,5.58,4.45,31.81,20.67,31.96,2.95,0.72,1.86,100
Laki-Laki,2014,DI Yogyakarta,6.15,14.05,34.19,23.63,17.97,1.71,0.38,1.94,100
Laki-Laki,2014,Jawa Timur,4.95,4.32,28.17,18.39,38.4,3.44,0.6,1.73,100
Laki-Laki,2014,Banten,2.87,5.05,40.46,22.72,25.37,1.31,0.25,1.96,100
Laki-Laki,2014,Bali,6.35,3.04,38.11,16.89,30.81,3.3,0.1,1.39,100
Laki-Laki,2014,Nusa Tenggara Barat,4.67,1.25,26.03,31.84,28.86,5.39,0.31,1.64,100
Laki-Laki,2014,Nusa Tenggara Timur,5,3.03,13.68,64.42,8.59,0.6,0.15,4.52,100
Laki-Laki,2014,Kalimantan Barat,6.43,4.23,15.67,27.37,37.6,5.62,0.85,2.23,100
Laki-Laki,2014,Kalimantan Tengah,8.11,1.36,19.29,40.55,26.83,2.15,0.21,1.49,100
Laki-Laki,2014,Kalimantan Selatan,7.28,2.7,20.74,29.48,34.15,2.78,0.43,2.45,100
Laki-Laki,2014,Kalimantan Timur,10.46,7.88,27.33,37.55,11.04,1.76,0.98,2.99,100
Laki-Laki,2014,Kalimantan Utara,,,,,,,,,
Laki-Laki,2014,Sulawesi Utara,6.04,3.59,35.03,28.43,24.15,1.26,0.25,1.24,100
Laki-Laki,2014,Sulawesi Tengah,6.71,0.98,13.66,38.53,29.56,6.21,0.4,3.96,100
Laki-Laki,2014,Sulawesi Selatan,8.07,2.65,15.11,45.38,23.82,1.8,0.34,2.83,100
Laki-Laki,2014,Sulawesi Tenggara,9.16,2.57,13.86,51.28,17.92,1.63,0.41,3.16,100
Laki-Laki,2014,Gorontalo,4.6,0.5,27.79,30.87,31.89,3.92,0.1,0.33,100
Laki-Laki,2014,Sulawesi Barat,5.95,0.34,13.6,53.44,22.3,2.57,0.24,1.57,100
Laki-Laki,2014,Maluku,7.64,1.86,23.22,48.13,17.87,0.54,0,0.74,100
Laki-Laki,2014,Maluku Utara,13.08,3,17.1,49.39,11.31,0.37,0.25,5.5,100
Laki-Laki,2014,Papua Barat,15.16,3.18,19.39,50.78,6.71,1.48,0.94,2.36,100
Laki-Laki,2014,Papua,18.9,2.07,15.82,55.02,2.31,0.97,0.98,3.93,100
Laki-Laki,2014,I N D O N E S I A,5.8,4.64,29.32,25.84,28.44,3.12,0.64,2.22,100
perempuan,2014,Aceh,8.94,2.11,11.29,41.67,29.07,3.68,0.98,2.26,100
perempuan,2014,Sumatera Utara,5.37,5.58,20.16,18.96,42.32,4.35,0.94,2.32,100
perempuan,2014,Sumatera Barat,6.3,2.84,13.52,26,41.98,6.87,0.6,1.89,100
perempuan,2014,Riau,5.98,6.6,25.82,25.85,26.22,4.82,1.15,3.56,100
perempuan,2014,Jambi,5.39,2.49,23.53,27.99,34.35,2.84,1.55,1.87,100
perempuan,2014,Sumatera Selatan,6.31,4.88,22.42,20.69,39.12,2.86,1.15,2.56,100
perempuan,2014,Bengkulu,5.69,2.03,23.4,20.71,41.19,3.84,0.9,2.22,100
perempuan,2014,Lampung,2.83,2.86,18.73,23.66,45.61,3.11,0.76,2.45,100
perempuan,2014,Kepulauan Bangka Belitung,9.01,4.64,25.21,31.79,24.34,3.5,0.47,1.04,100
perempuan,2014,Kepulauan Riau,7.32,14.95,26.36,27.2,18.67,2.27,0.68,2.55,100
perempuan,2014,DKI Jakarta,8.65,9.25,41.2,34.65,2.54,0.69,0.21,2.81,100
perempuan,2014,Jawa Barat,5.29,4.73,35.25,27.29,21.58,2.57,0.92,2.38,100
perempuan,2014,Jawa Tengah,4.63,3.84,29.64,23.73,32.77,2.42,0.85,2.13,100
perempuan,2014,DI Yogyakarta,6.18,10.61,36.17,28.63,15.61,1.51,0.18,1.11,100
perempuan,2014,Jawa Timur,4.57,3.65,25.02,21.26,40.68,2.69,0.42,1.71,100
perempuan,2014,Banten,4.02,6.5,31.11,24.85,27.32,1.87,0.85,3.48,100
perempuan,2014,Bali,5.17,4.03,34.71,22.05,30.92,2.4,0,0.74,100
perempuan,2014,Nusa Tenggara Barat,3.9,1,22.5,35.63,28.99,5.68,0.35,1.95,100
perempuan,2014,Nusa Tenggara Timur,4,2.48,11.54,68.64,8.14,0.78,0.25,4.16,100
perempuan,2014,Kalimantan Barat,5.58,3.03,14.37,31.65,39.18,2.74,0.56,2.89,100
perempuan,2014,Kalimantan Tengah,7.98,1.65,15.78,39.68,26.82,2.96,0.75,4.39,100
perempuan,2014,Kalimantan Selatan,4.93,1.65,20.7,32.47,34.42,2.81,0.68,2.33,100
perempuan,2014,Kalimantan Timur,11.54,6.02,27.32,37.41,11.17,2.5,1.37,2.66,100
perempuan,2014,Kalimantan Utara,,,,,,,,,
perempuan,2014,Sulawesi Utara,6.14,2.95,36.33,31.4,20.31,1.47,0.4,0.99,100
perempuan,2014,Sulawesi Tengah,7.43,1.31,12.99,37.84,29.39,6.32,0.93,3.8,100
perempuan,2014,Sulawesi Selatan,7.94,3.07,15.1,46.51,22.63,1.85,0.49,2.41,100
perempuan,2014,Sulawesi Tenggara,5.91,4.12,14.33,48.64,19.39,2.69,1.64,3.28,100
perempuan,2014,Gorontalo,3.11,0.38,28.71,37.33,25.06,4.2,0.3,0.92,100
perempuan,2014,Sulawesi Barat,5.1,2.5,12.33,51.27,21.44,3.54,1.7,2.12,100
perempuan,2014,Maluku,6.68,1.33,25.21,44.75,17.82,2.38,0,1.84,100
perempuan,2014,Maluku Utara,11,1.69,18.21,52.8,9.85,1.84,0.46,4.15,100
perempuan,2014,Papua Barat,15.62,4.49,18.14,48.2,8.07,1.53,1.52,2.44,100
perempuan,2014,Papua,18.05,4.22,14.55,49.14,5.09,2.66,2.67,3.62,100
perempuan,2014,I N D O N E S I A,5.52,4.32,26.78,28.29,29.27,2.8,0.72,2.3,100
Laki-Laki,2015,Aceh,15.86,2.09,29.47,11.26,44.85,3.42,2.72,1.12,100
Laki-Laki,2015,Sumatera Utara,7.19,7.39,49.74,12.8,18.69,3.85,4.39,1.96,100
Laki-Laki,2015,Sumatera Barat,8.72,3.88,45.94,5.75,31.89,3.28,5.38,2.23,100
Laki-Laki,2015,Riau,8.22,8.57,37.69,16.97,27.02,2.05,3.96,1.29,100
Laki-Laki,2015,Jambi,8.9,3.9,39.4,9.38,34.56,2.75,2.95,2.68,100
Laki-Laki,2015,Sumatera Selatan,7.78,4.51,53.05,7.4,22.87,3.35,2.86,1.9,100
Laki-Laki,2015,Bengkulu,8.1,3.55,51.93,7.41,25.53,2.45,5.05,2.25,100
Laki-Laki,2015,Lampung,3.47,4.24,52.52,10.67,24.52,2.39,3.1,2.29,100
Laki-Laki,2015,Kepulauan Bangka Belitung,11.25,6.3,40.65,12.47,29.4,5.06,3.48,3.93,100
Laki-Laki,2015,Kepulauan Riau,12.72,17.52,26.72,12.27,28.85,1.31,1.74,1.55,100
Laki-Laki,2015,DKI Jakarta,9.44,8.63,9.78,40.46,31.83,0.44,1.44,0.84,100
Laki-Laki,2015,Jawa Barat,6.57,6.2,38.15,18.91,28.51,1.98,2.03,2.15,100
Laki-Laki,2015,Jawa Tengah,5.36,5.8,56.95,7.65,22.27,2.18,1.88,1.93,100
Laki-Laki,2015,DI Yogyakarta,7.05,14.69,43.75,12.97,25.49,0.45,1.57,0.7,100
Laki-Laki,2015,Jawa Timur,5.71,5.2,54.65,9,22.41,3.11,1.73,2.76,100
Laki-Laki,2015,Banten,4.36,7.63,32.44,32.81,20.02,2.12,2,2.45,100
Laki-Laki,2015,Bali,7.84,4.83,61.75,8.04,18.27,0.61,1.91,1.66,100
Laki-Laki,2015,Nusa Tenggara Barat,6.32,1.21,42.23,10.24,34.52,2.12,3.88,5.05,100
Laki-Laki,2015,Nusa Tenggara Timur,5.73,2.65,15.07,4.39,59.91,12.21,1.37,2.45,100
Laki-Laki,2015,Kalimantan Barat,7.89,3.68,32.7,8.21,37.23,8.57,2.92,3.71,100
Laki-Laki,2015,Kalimantan Tengah,10.72,2.51,28.99,8.86,40.3,5.14,1.52,5.59,100
Laki-Laki,2015,Kalimantan Selatan,7.52,1.48,38.39,10,33.6,6.87,3.34,2.99,100
Laki-Laki,2015,Kalimantan Timur,12.65,8.76,17.96,16.38,44.41,1.46,1.8,1.17,100
Laki-Laki,2015,Kalimantan Utara,9.18,2.78,25.55,8.17,58.59,0.7,1.37,0.69,100
Laki-Laki,2015,Sulawesi Utara,7.11,5.7,44.56,8.76,33.79,0.86,1.07,1.93,100
Laki-Laki,2015,Sulawesi Tengah,10.37,0.86,30.25,5.27,42.91,11.29,2.74,1.06,100
Laki-Laki,2015,Sulawesi Selatan,9.63,2.35,28.13,6.72,49.69,3.27,1.99,2.75,100
Laki-Laki,2015,Sulawesi Tenggara,8.62,1.71,25.23,5.87,52.34,3.5,3.3,3.7,100
Laki-Laki,2015,Gorontalo,6.84,0.66,41.51,8.52,40.28,1.47,2.78,2.35,100
Laki-Laki,2015,Sulawesi Barat,8.01,1.12,21.16,5.25,54.45,7.05,3.19,2.31,100
Laki-Laki,2015,Maluku,10.41,2.14,26.49,6.82,50.15,3.63,2.18,1.88,100
Laki-Laki,2015,Maluku Utara,13.54,1.42,29.66,3.88,48.05,4.81,3.53,1.35,100
Laki-Laki,2015,Papua Barat,19.47,3.16,12.38,9.29,53.31,1.03,1.45,3.27,100
Laki-Laki,2015,Papua,17.58,1.3,11.04,6.46,63.14,0.67,0.79,2.31,100
Laki-Laki,2015,I N D O N E S I A,7.03,5.54,42.66,13.31,28.69,2.88,2.28,2.23,100
perempuan,2015,Aceh,15.77,1.7,29.75,10.92,47.21,3.22,2.28,1.49,100
perempuan,2015,Sumatera Utara,6.2,5.34,51.19,12.43,19.77,3.89,3.46,1.88,100
perempuan,2015,Sumatera Barat,8.21,5.03,45.96,5.75,30.86,3.74,4.9,2.18,100
perempuan,2015,Riau,7.47,8.1,38.68,14.07,30.5,3.32,2.83,1.25,100
perempuan,2015,Jambi,10.32,4.07,39.46,7.45,35.17,2.17,3.12,2.23,100
perempuan,2015,Sumatera Selatan,7.37,5.06,53.8,7.12,22.58,3.49,2.24,1.9,100
perempuan,2015,Bengkulu,8.47,3.81,54.21,7.13,24.93,3.15,3.77,1.5,100
perempuan,2015,Lampung,4.34,4.31,55.36,9.08,24.14,1.81,1.83,1.84,100
perempuan,2015,Kepulauan Bangka Belitung,13.95,6.29,39.02,9.68,30.13,5.9,4.27,3.1,100
perempuan,2015,Kepulauan Riau,10.6,12.4,27.5,15.12,31.03,2.45,1.57,1.27,100
perempuan,2015,DKI Jakarta,9.58,10.68,10.39,35.76,35.48,0.54,1.58,0.41,100
perempuan,2015,Jawa Barat,6.76,5.64,37.76,17.15,32.18,1.96,1.57,1.8,100
perempuan,2015,Jawa Tengah,5.24,5.55,54.57,7.64,25.7,2.71,1.68,1.46,100
perempuan,2015,DI Yogyakarta,7.62,12.75,40.53,13.94,28.72,1.2,0.78,0.93,100
perempuan,2015,Jawa Timur,4.98,5.17,54.86,8.24,23,3.68,1.67,2.59,100
perempuan,2015,Banten,4.04,6.71,35.04,27.09,24.65,2.38,1.87,2.54,100
perempuan,2015,Bali,7.03,4.03,64.76,6.75,19.09,0.77,1.9,1.13,100
perempuan,2015,Nusa Tenggara Barat,5.83,1.37,38.99,8.83,36.9,4.06,3.28,4.87,100
perempuan,2015,Nusa Tenggara Timur,5.13,2.69,13.96,4.5,61.48,12.73,0.95,2.07,100
perempuan,2015,Kalimantan Barat,7.73,3.09,34.72,6.62,37.97,8.52,3.14,3.6,100
perempuan,2015,Kalimantan Tengah,8.79,2.1,28.67,8.68,43.24,5.81,1.7,5.25,100
perempuan,2015,Kalimantan Selatan,6.79,1.46,38.68,7.52,35.39,7.75,3.61,2.99,100
perempuan,2015,Kalimantan Timur,10.44,7.71,23.2,13.6,44.65,1.52,0.96,0.89,100
perempuan,2015,Kalimantan Utara,9.04,3.24,21.8,8.64,59.22,1.3,1.08,1.02,100
perempuan,2015,Sulawesi Utara,6.22,5.96,45.41,8.52,34.45,1.51,0.93,1.39,100
perempuan,2015,Sulawesi Tengah,8.55,1.41,30.91,4.16,42.4,13.76,3.02,0.97,100
perempuan,2015,Sulawesi Selatan,9.61,2.33,26.04,7.27,51.65,3.38,1.56,2.65,100
perempuan,2015,Sulawesi Tenggara,8.9,2.12,27.79,6.14,49.58,2.68,3.21,2.87,100
perempuan,2015,Gorontalo,7.41,0.55,39.71,5.94,44.57,1.71,1.95,2.05,100
perempuan,2015,Sulawesi Barat,5.94,0.9,23.45,3.64,55.51,8.31,1.96,2.24,100
perempuan,2015,Maluku,10.85,3.43,27.03,5.24,52.23,2.38,1.59,0.73,100
perempuan,2015,Maluku Utara,11.37,2,27.21,4.61,50.74,6.13,2.42,0.78,100
perempuan,2015,Papua Barat,18.07,2.93,14.36,6.82,55.02,1.57,1.88,3.24,100
perempuan,2015,Papua,16.97,2.59,10.01,6.58,63.91,0.93,0.89,1.66,100
perempuan,2015,I N D O N E S I A,6.72,5.29,42.74,11.96,30.79,3.26,1.96,1.98,100
Laki-Laki,2016,Aceh,16.21,3.12,27.15,9.45,43.08,5.32,3.08,2,100
Laki-Laki,2016,Sumatera Utara,7.21,7.93,48.69,14.67,18.47,2.97,4.01,1.9,100
Laki-Laki,2016,Sumatera Barat,9.26,3.96,46.96,6.15,29.45,4.9,6.13,1.39,100
Laki-Laki,2016,Riau,8.43,9.69,34.72,18.82,25.71,4.15,2.44,1.37,100
Laki-Laki,2016,Jambi,9.49,4.82,39.54,7.25,36.37,1.6,2.26,2.86,100
Laki-Laki,2016,Sumatera Selatan,8.44,4.81,51.84,6.76,25.59,3.63,2.29,1.22,100
Laki-Laki,2016,Bengkulu,9.73,3.19,54.77,8.51,21.64,2.21,5.09,1.32,100
Laki-Laki,2016,Lampung,4.23,5.3,58.54,8.66,21.55,1.71,2.71,1.46,100
Laki-Laki,2016,Kepulauan Bangka Belitung,9.7,5.6,44.7,8.72,27.64,3.25,3.79,3.35,100
Laki-Laki,2016,Kepulauan Riau,9.62,7.91,17.36,26.97,35.35,3.32,4.6,0.71,100
Laki-Laki,2016,DKI Jakarta,9.15,10.6,10.25,39.44,32.81,0.4,1.61,0.51,100
Laki-Laki,2016,Jawa Barat,7.22,7.14,36.24,20.84,29.86,1.73,1.66,1.77,100
Laki-Laki,2016,Jawa Tengah,6.24,6.15,52.44,9.38,24.17,1.83,2.03,1.95,100
Laki-Laki,2016,DI Yogyakarta,9.26,15.25,37.67,12.68,28.17,0.24,1.11,0.97,100
Laki-Laki,2016,Jawa Timur,6.23,5.72,52,7.65,23.83,3.84,2.49,2.54,100
Laki-Laki,2016,Banten,4.17,8.01,32.48,31.24,24.3,0.66,2.09,1.23,100
Laki-Laki,2016,Bali,9.18,6.36,59.48,8.98,18.46,0.6,1.76,1.21,100
Laki-Laki,2016,Nusa Tenggara Barat,6.32,1.22,42.93,8.39,37.92,2.7,2.79,2.11,100
Laki-Laki,2016,Nusa Tenggara Timur,5.26,2.8,15.66,5.66,60.89,11.16,1.18,1.84,100
Laki-Laki,2016,Kalimantan Barat,6.79,3.55,36.04,7.34,37.81,7.92,2.26,5.64,100
Laki-Laki,2016,Kalimantan Tengah,13.21,2.69,27.4,11.45,41.85,4.22,2.44,2.07,100
Laki-Laki,2016,Kalimantan Selatan,9.08,2.14,42.78,6.74,35.2,5.06,3.17,2.63,100
Laki-Laki,2016,Kalimantan Timur,14.16,8.37,22.49,12.01,43.07,1.66,1.35,1.54,100
Laki-Laki,2016,Kalimantan Utara,11.93,2.11,33.71,9.35,50.61,0.66,1.01,0.65,100
Laki-Laki,2016,Sulawesi Utara,8.89,4.98,45.39,6.97,32.19,2.16,2.67,2.13,100
Laki-Laki,2016,Sulawesi Tengah,11.89,1.09,30.66,3.7,43.94,7.71,2.31,3.23,100
Laki-Laki,2016,Sulawesi Selatan,11.51,2.65,27.97,8.56,46.2,3.47,2.13,2.3,100
Laki-Laki,2016,Sulawesi Tenggara,10.46,2.16,29,6.52,46.25,3.52,2.2,2.79,100
Laki-Laki,2016,Gorontalo,5.86,0.89,33.78,10.29,47.54,2.42,1.78,2.01,100
Laki-Laki,2016,Sulawesi Barat,9.01,1.25,20.39,4.43,61.77,1.17,2.92,3.11,100
Laki-Laki,2016,Maluku,13.89,2.33,26.22,4.99,47.08,3.82,2.88,3.64,100
Laki-Laki,2016,Maluku Utara,14.57,1.38,22.72,3.51,51.16,9.1,2.26,0.32,100
Laki-Laki,2016,Papua Barat,18.81,7.66,15.91,8.47,56.62,3.85,3.12,4.57,100
Laki-Laki,2016,Papua,21.3,3.94,7.91,8.46,60.09,0.93,0.67,2.24,100
Laki-Laki,2016,I N D O N E S I A,7.64,6.1,41.04,13.78,29.67,2.79,2.31,1.92,100
perempuan,2016,Aceh,15.58,2.48,28.4,9.37,45.15,5.06,2.21,2.05,100
perempuan,2016,Sumatera Utara,7.2,9.03,49.1,11.85,20.96,2.66,4.07,1.17,100
perempuan,2016,Sumatera Barat,7.08,3.85,48.5,5.99,31.17,3.99,6.15,1.46,100
perempuan,2016,Riau,8.17,9.44,37.12,17.87,26.83,3.04,2.03,1.32,100
perempuan,2016,Jambi,7.34,4.44,40.86,7.43,37.06,2.53,2.16,2.63,100
perempuan,2016,Sumatera Selatan,7.42,5.13,51.36,6.54,25.17,4.41,3,1.63,100
perempuan,2016,Bengkulu,8.07,2.73,53.3,8.72,25.23,2.27,3.39,1.8,100
perempuan,2016,Lampung,3.07,4.35,58.51,8.62,23.38,1.62,2.09,1.73,100
perempuan,2016,Kepulauan Bangka Belitung,10.04,6.51,40.75,9.37,30.91,5.1,2.07,3.53,100
perempuan,2016,Kepulauan Riau,8.16,12.18,18.36,22.24,36.63,3.6,1.71,0.94,100
perempuan,2016,DKI Jakarta,9.67,10.65,11.7,36.44,35.67,0.38,1.17,0.41,100
perempuan,2016,Jawa Barat,7.37,7.14,35.78,19.88,31.68,1.71,1.51,1.31,100
perempuan,2016,Jawa Tengah,5.46,5.21,52.56,8.36,27.19,2.41,1.71,1.59,100
perempuan,2016,DI Yogyakarta,9.03,13.62,38.98,10.28,32.88,0.71,1.28,0.44,100
perempuan,2016,Jawa Timur,5.95,5.65,51.61,7.58,25.59,3.76,2.18,2.52,100
perempuan,2016,Banten,4.57,8.17,32.79,26.56,27.87,1.56,1.39,1.2,100
perempuan,2016,Bali,6.61,5.94,61.65,8.87,19.59,0.74,1.63,0.82,100
perempuan,2016,Nusa Tenggara Barat,5.01,0.87,40.99,7.85,39.05,5.26,2.68,2.92,100
perempuan,2016,Nusa Tenggara Timur,5.34,2.42,16.21,6.02,61.04,10.63,1.2,1.49,100
perempuan,2016,Kalimantan Barat,6.3,3.1,36.34,7.6,37.1,8.54,1.98,6.7,100
perempuan,2016,Kalimantan Tengah,10.97,3.31,27.42,9.68,43.46,4.4,1.52,3.38,100
perempuan,2016,Kalimantan Selatan,6.42,1.71,43.89,6.02,39.04,6.21,1.89,1.71,100
perempuan,2016,Kalimantan Timur,12.28,10.03,21.95,11.55,44.32,1.58,1.42,2.45,100
perempuan,2016,Kalimantan Utara,12.17,2.08,26.21,8.26,54.96,0.4,0.97,0.23,100
perempuan,2016,Sulawesi Utara,7.96,5.71,43.71,6.78,36.33,1.8,1.64,0.9,100
perempuan,2016,Sulawesi Tengah,10.04,0.83,30.21,3.02,46.81,7.86,2.16,3.02,100
perempuan,2016,Sulawesi Selatan,11.22,2.58,29.03,7.37,47.58,3.37,1.62,2.25,100
perempuan,2016,Sulawesi Tenggara,9.32,1.46,31.51,5.11,47.75,3.21,2.92,2.77,100
perempuan,2016,Gorontalo,5.83,1.27,32.71,9.3,50.43,2.3,1.2,1.82,100
perempuan,2016,Sulawesi Barat,8.04,0.71,19.72,4.18,64.3,1.86,1.5,2.81,100
perempuan,2016,Maluku,10.73,2.88,25.45,6.64,47.17,4.3,1.4,5.28,100
perempuan,2016,Maluku Utara,14.88,1.58,24.28,3.67,50.8,6.53,2.45,0.19,100
perempuan,2016,Papua Barat,13.06,4.09,15.23,12.55,57.18,2.33,1.16,2.3,100
perempuan,2016,Papua,20.69,4.58,8.28,7.78,60.62,2.12,0.66,1.36,100
perempuan,2016,I N D O N E S I A,7.12,5.93,41.25,12.68,31.74,2.98,2,1.76,100
Laki-Laki,2017,Aceh,17.34,2.25,33.55,9.81,41.28,3.24,2.76,0.99,100
Laki-Laki,2017,Sumatera Utara,8.4,7.28,47.85,16.1,18.43,3.1,4,1.04,100
Laki-Laki,2017,Sumatera Barat,8.7,3.61,47.21,7.49,30.4,4.34,5.71,0.4,100
Laki-Laki,2017,Riau,9.01,10.24,36.59,19.18,23.96,1.61,3.69,2.82,100
Laki-Laki,2017,Jambi,11.7,5.8,45.69,8.03,30.9,1.26,2.83,1.42,100
Laki-Laki,2017,Sumatera Selatan,7.46,5.82,54.19,8.41,22.09,3.89,3.16,0.24,100
Laki-Laki,2017,Bengkulu,9.86,2.87,52.72,10.44,23.74,3.02,3.37,1.08,100
Laki-Laki,2017,Lampung,4.21,5.24,55.68,9.37,25.9,3.13,3.11,0.59,100
Laki-Laki,2017,Kepulauan Bangka Belitung,8.94,5.51,37.99,11.1,34.61,3.81,3.43,3.08,100
Laki-Laki,2017,Kepulauan Riau,9.63,8.9,22,20.96,36.21,3.63,2.58,0.34,100
Laki-Laki,2017,DKI Jakarta,9.39,12.65,11.88,39.02,28.83,1.53,1.91,0.21,100
Laki-Laki,2017,Jawa Barat,7.07,7.22,36.87,20.87,28.32,2.11,1.92,1.12,100
Laki-Laki,2017,Jawa Tengah,6.18,6.2,54.32,10.19,23.81,2.29,2.03,0.86,100
Laki-Laki,2017,DI Yogyakarta,9.52,17.82,37.56,12.88,27.85,1.23,1.52,0.23,100
Laki-Laki,2017,Jawa Timur,6.56,6.25,54.25,9.49,21.92,3.42,2.33,1.12,100
Laki-Laki,2017,Banten,5.74,11.48,29.03,35.5,21,1.48,2.4,0.35,100
Laki-Laki,2017,Bali,10.14,5.83,62.5,8.38,17.41,0.18,1.98,0.25,100
Laki-Laki,2017,Nusa Tenggara Barat,5.78,0.98,46.51,10.41,33.87,3.14,5.76,1.94,100
Laki-Laki,2017,Nusa Tenggara Timur,6.54,3.31,15.53,5.48,57.21,14.59,1.72,1.4,100
Laki-Laki,2017,Kalimantan Barat,8.84,3.71,32.93,9.61,35.06,10.18,5.01,1.04,100
Laki-Laki,2017,Kalimantan Tengah,14.22,2.18,31.12,11.09,42.76,5.29,2.9,0.83,100
Laki-Laki,2017,Kalimantan Selatan,7.03,1.37,40.31,12.94,33.99,6.08,3.73,0.81,100
Laki-Laki,2017,Kalimantan Timur,13.25,10.03,21.78,19.32,35.95,0.95,1.39,2.18,100
Laki-Laki,2017,Kalimantan Utara,14.67,1.3,29.04,8.51,50.44,0.68,1.34,0.37,100
Laki-Laki,2017,Sulawesi Utara,8.9,3.53,44.13,10.26,33.52,1.88,1.41,1.11,100
Laki-Laki,2017,Sulawesi Tengah,8.25,1.38,29.37,4.37,47.69,11.45,3.21,0.32,100
Laki-Laki,2017,Sulawesi Selatan,10.38,3.4,27.85,9.75,47.59,3.25,2.22,2.12,100
Laki-Laki,2017,Sulawesi Tenggara,8.71,1.79,27.52,4.08,51.96,4.35,4.18,1.68,100
Laki-Laki,2017,Gorontalo,6.63,0.61,38.76,10.46,45.67,3.2,3.1,0.45,100
Laki-Laki,2017,Sulawesi Barat,7.37,0.98,21.19,2.44,66.7,1.78,1.6,3.38,100
Laki-Laki,2017,Maluku,10.38,0.13,27.63,8.74,53.34,4.36,1.23,0.45,100
Laki-Laki,2017,Maluku Utara,13.31,2.16,26.04,4.37,49.74,7.85,1.79,0.99,100
Laki-Laki,2017,Papua Barat,18.94,4.66,13.92,9.75,54.44,2.53,0.56,0.79,100
Laki-Laki,2017,Papua,18.02,3.37,9.79,9.51,60.91,1.58,0.12,0.79,100
Laki-Laki,2017,I N D O N E S I A,7.75,6.49,41.96,14.81,28.56,3.09,2.51,1,100
perempuan,2017,Aceh,15.89,2.41,33.53,9.77,43.36,4.09,1.91,1.24,100
perempuan,2017,Sumatera Utara,6.59,6.4,49.96,13.55,20.65,4.45,3.63,0.81,100
perempuan,2017,Sumatera Barat,9.03,3.9,49.04,6.45,28.69,5.17,6.49,0.54,100
perempuan,2017,Riau,7.99,9.85,37.37,18.78,25.38,2.76,3.71,1.52,100
perempuan,2017,Jambi,10.54,4.22,44.82,6.8,34.13,1.16,4.04,1.54,100
perempuan,2017,Sumatera Selatan,5.71,4.81,54.36,7.9,26.01,4.51,2.82,0.29,100
perempuan,2017,Bengkulu,8.64,3.29,52.98,10.31,27.49,1.43,3.11,0.45,100
perempuan,2017,Lampung,3.08,5.38,56.2,8.73,27.23,2.28,2.48,0.28,100
perempuan,2017,Kepulauan Bangka Belitung,9.28,7.77,35.96,11.82,32.9,4.48,3.38,3.37,100
perempuan,2017,Kepulauan Riau,9.56,14.11,20.18,23.27,32.8,4.64,1.77,0.56,100
perempuan,2017,DKI Jakarta,9.68,13.73,12.14,33.96,35.09,0.5,1.44,0.16,100
perempuan,2017,Jawa Barat,6.84,7.56,36.67,18.86,32.36,1.64,1.83,0.94,100
perempuan,2017,Jawa Tengah,5.79,6.14,51.65,9.73,27.18,3.07,1.7,0.61,100
perempuan,2017,DI Yogyakarta,8.54,16.56,35.19,12.58,32.14,0.92,0.89,0.27,100
perempuan,2017,Jawa Timur,5.72,5.89,53.98,9.2,24.02,4.67,1.9,0.82,100
perempuan,2017,Banten,4.81,10.33,27.88,36.33,23.33,1.18,1.43,0.55,100
perempuan,2017,Bali,8.04,4.45,64.93,9.73,15.94,0.36,2.49,0.41,100
perempuan,2017,Nusa Tenggara Barat,4.42,1.16,47.39,8.25,36.68,2.88,4.55,1.73,100
perempuan,2017,Nusa Tenggara Timur,5.28,2.96,15.18,5.58,58.94,15.22,0.99,1.35,100
perempuan,2017,Kalimantan Barat,7.95,2.89,34.75,10.34,38.55,8.94,3.53,1.13,100
perempuan,2017,Kalimantan Tengah,13.05,2.48,29.93,10.62,43.15,3.87,2.04,0.83,100
perempuan,2017,Kalimantan Selatan,7.74,2.02,38.63,8.57,39.87,7.48,2.47,0.52,100
perempuan,2017,Kalimantan Timur,9.65,10.14,24.87,14.87,42.03,1.41,1,1.28,100
perempuan,2017,Kalimantan Utara,12.39,1.79,26.76,9.74,51.42,0.44,0.48,0.48,100
perempuan,2017,Sulawesi Utara,5.75,4.92,44.41,9.75,37.02,1.86,0.76,0.63,100
perempuan,2017,Sulawesi Tengah,8,1.22,29.35,3.96,49.06,12.38,1.88,0.24,100
perempuan,2017,Sulawesi Selatan,10.9,3.13,26.15,8.27,51.51,3.42,2,1.14,100
perempuan,2017,Sulawesi Tenggara,8.78,2.39,28.11,6.92,49.05,3.95,3.84,1.96,100
perempuan,2017,Gorontalo,6.97,0.62,34.99,9.11,51.41,2.23,2.5,0.45,100
perempuan,2017,Sulawesi Barat,4.87,0.84,21.71,2.61,68.94,3.26,0.59,1.33,100
perempuan,2017,Maluku,10.24,2.1,27.26,9.12,50.34,3.52,0.5,1.41,100
perempuan,2017,Maluku Utara,12.14,3.15,23.71,4.74,53.06,6.52,2.67,0.77,100
perempuan,2017,Papua Barat,12.93,5.63,14,7.44,62.23,1.55,0.49,0.9,100
perempuan,2017,Papua,18.81,2.71,8.99,8.46,60.81,1.99,0.44,0.37,100
perempuan,2017,I N D O N E S I A,7.01,6.41,41.68,13.68,31.37,3.41,2.14,0.8,100
Laki-Laki,2018,Aceh,14.29,2.83,29.44,11.97,45.99,4.41,3.21,1.26,100
Laki-Laki,2018,Sumatera Utara,7.42,8.84,47.48,12.6,22.43,2.71,3.5,1.12,100
Laki-Laki,2018,Sumatera Barat,10.74,6.02,42.12,8.98,30.39,3.39,3.95,0.7,100
Laki-Laki,2018,Riau,8.22,12.33,33.84,20.44,25.72,2.14,2.47,0.91,100
Laki-Laki,2018,Jambi,9.21,5.61,38.76,10.31,32.64,3.11,3.45,2.86,100
Laki-Laki,2018,Sumatera Selatan,7.71,6.51,47.25,10.56,27.47,3.75,2.64,0.26,100
Laki-Laki,2018,Bengkulu,9.8,3.27,51.56,11.68,25.56,0.7,3.34,0.84,100
Laki-Laki,2018,Lampung,3.87,5.84,52.61,10.89,26.47,1.92,2.7,1.3,100
Laki-Laki,2018,Kepulauan Bangka Belitung,8.82,11.04,40.72,11.83,30.6,3.88,1.8,0.83,100
Laki-Laki,2018,Kepulauan Riau,14,9.15,15.76,25.36,35.35,1.83,0.86,2.65,100
Laki-Laki,2018,DKI Jakarta,16.32,12.74,6.95,26.11,39.98,1.46,1.27,1.35,100
Laki-Laki,2018,Jawa Barat,6.96,9.86,30.82,23.71,29.9,2.15,2.09,0.88,100
Laki-Laki,2018,Jawa Tengah,6.89,6.51,45.95,15.19,25.32,2.35,1.81,1.01,100
Laki-Laki,2018,DI Yogyakarta,7.65,18.89,31.28,14.87,28.93,2.34,1.41,0.69,100
Laki-Laki,2018,Jawa Timur,6.81,7.03,48.41,12.7,24.03,4.03,2.42,0.95,100
Laki-Laki,2018,Banten,5.62,8.82,26.1,31.46,29.27,1.16,2.86,1.05,100
Laki-Laki,2018,Bali,9.07,4.11,55.35,12.22,22.13,0.26,1.26,0.37,100
Laki-Laki,2018,Nusa Tenggara Barat,5.85,1.04,38.26,12.6,41.88,3.36,2.78,1.71,100
Laki-Laki,2018,Nusa Tenggara Timur,5.74,2.81,11.63,5.82,67.67,8.51,0.81,0.15,100
Laki-Laki,2018,Kalimantan Barat,8.27,4,30.91,8.85,42.09,8.49,2.8,0.66,100
Laki-Laki,2018,Kalimantan Tengah,13.6,2.16,27.82,10.29,44.57,3.9,1.87,0.76,100
Laki-Laki,2018,Kalimantan Selatan,11.64,2.36,39.97,10.74,35.62,2.58,2.04,1.27,100
Laki-Laki,2018,Kalimantan Timur,12.49,9.6,18.37,20.19,40.2,0.92,0.99,0.34,100
Laki-Laki,2018,Kalimantan Utara,14.72,1.04,21.38,14.78,53.65,0.55,0.3,0.45,100
Laki-Laki,2018,Sulawesi Utara,9.94,7.71,35.65,12.38,37.16,1.52,1.33,0.78,100
Laki-Laki,2018,Sulawesi Tengah,13.13,1.09,24.31,4.68,51.11,7.26,3.22,0.9,100
Laki-Laki,2018,Sulawesi Selatan,12.53,3.6,21.65,11.91,49.69,2.82,1.48,1.49,100
Laki-Laki,2018,Sulawesi Tenggara,8.77,2.05,26.46,6.98,52.77,2.42,4.22,0.89,100
Laki-Laki,2018,Gorontalo,7.38,0.81,32.9,11.03,49.72,1.51,2.65,1.17,100
Laki-Laki,2018,Sulawesi Barat,6.86,0.9,19.98,3.15,65.93,3.21,1.22,3.09,100
Laki-Laki,2018,Maluku,10.23,1.98,22.06,7.16,56.27,2.67,1.91,0.7,100
Laki-Laki,2018,Maluku Utara,12.73,0.38,17.75,8.26,54.44,7.54,0.99,0.86,100
Laki-Laki,2018,Papua Barat,14.27,5.65,12.22,7.95,61.17,1.06,1.08,0.39,100
Laki-Laki,2018,Papua,18.9,2.83,7.19,8.51,64.37,1.33,1.01,0.98,100
Laki-Laki,2018,I N D O N E S I A,8.19,7.3,36.34,16.23,31.91,2.87,2.22,0.99,100
perempuan,2018,Aceh,13.95,2.48,30.1,10.47,49.07,5.15,2.18,0.87,100
perempuan,2018,Sumatera Utara,5.93,7.93,49.42,12.83,23.11,2.63,2.84,1.05,100
perempuan,2018,Sumatera Barat,10.72,5.4,43.11,8.52,31.44,3.65,4.01,0.4,100
perempuan,2018,Riau,9.19,8.44,35.83,19.82,26.31,2.77,2.35,1.23,100
perempuan,2018,Jambi,10.8,6.59,36.78,9.28,36.18,3.21,3.03,1.3,100
perempuan,2018,Sumatera Selatan,6.44,5.3,47.37,10.21,30.56,3.68,3.16,0.42,100
perempuan,2018,Bengkulu,7,3.83,47.43,13.53,30.11,1.77,2.3,0.19,100
perempuan,2018,Lampung,3.53,5.55,50.88,10.44,29.99,2.28,2.22,0.7,100
perempuan,2018,Kepulauan Bangka Belitung,9.34,12.11,32.86,11.77,33.13,6.49,2.85,1.28,100
perempuan,2018,Kepulauan Riau,11.1,8.29,21.78,24.88,33.96,2.07,2.19,0.86,100
perempuan,2018,DKI Jakarta,14.53,12.1,7.63,23.36,45.32,2.2,0.87,1,100
perempuan,2018,Jawa Barat,7.13,9.57,29.62,21.42,34.82,1.99,1.44,1.03,100
perempuan,2018,Jawa Tengah,6.28,6.45,44.86,13.35,29.15,3.77,1.15,0.64,100
perempuan,2018,DI Yogyakarta,8.02,16.44,27.41,13.6,38.68,1.59,1.18,0.95,100
perempuan,2018,Jawa Timur,5.54,6.74,48.83,11.74,25.65,4.88,1.79,0.99,100
perempuan,2018,Banten,5.36,8.8,26.55,30.5,32.58,1.14,1.85,0.78,100
perempuan,2018,Bali,7.49,5.08,54.25,11.5,24.85,0.34,0.84,0.26,100
perempuan,2018,Nusa Tenggara Barat,6.21,1.07,35.68,11.33,47.69,3.9,2.14,2,100
perempuan,2018,Nusa Tenggara Timur,4.57,2.42,11.53,6.4,69.83,8.41,0.7,0.11,100
perempuan,2018,Kalimantan Barat,7.05,3.76,31.27,10.98,42.29,8.88,3.12,0.59,100
perempuan,2018,Kalimantan Tengah,15.41,1.43,28.3,8.22,43.63,4.85,1.5,0.54,100
perempuan,2018,Kalimantan Selatan,8.93,2.42,34.65,10.77,41.22,6,2.08,1.42,100
perempuan,2018,Kalimantan Timur,11.18,9.39,17.93,19.89,43.62,1.59,0.74,0.18,100
perempuan,2018,Kalimantan Utara,11.9,1.31,20.71,14.44,56.87,0.99,0.77,0.09,100
perempuan,2018,Sulawesi Utara,9.32,6.02,35.4,12.12,39.57,1.79,1.41,0.82,100
perempuan,2018,Sulawesi Tengah,11.57,1.47,22.89,5.79,54.83,6.39,1.44,0.75,100
perempuan,2018,Sulawesi Selatan,10.01,3.71,21.08,10.21,55.34,3.12,1.11,1.34,100
perempuan,2018,Sulawesi Tenggara,9.56,0.98,27.57,7.28,51.83,3.29,3.64,0.99,100
perempuan,2018,Gorontalo,8.4,0.77,28,13.5,55.48,1.02,2.29,1.31,100
perempuan,2018,Sulawesi Barat,4.99,0.53,16.46,3.23,69.14,3.95,0.98,4.45,100
perempuan,2018,Maluku,5.68,2.61,19.59,5.73,61.95,3.24,1.82,1.3,100
perempuan,2018,Maluku Utara,11.77,1.77,16.62,8.79,58.31,4.24,2.19,0.53,100
perempuan,2018,Papua Barat,13.39,4.74,9.89,6.71,66.67,1.42,1.11,0.26,100
perempuan,2018,Papua,19.63,2.48,6.71,7.39,64.87,1.55,0.57,0.54,100
perempuan,2018,I N D O N E S I A,7.51,6.91,35.91,14.98,35.3,3.37,1.71,0.89,100
Laki-Laki,2019,Aceh,16.85,3.79,33,11.12,47.82,5.16,2.98,1.32,100
Laki-Laki,2019,Sumatera Utara,6.26,9.91,50.44,16.8,17.08,2.56,4.26,1.07,100
Laki-Laki,2019,Sumatera Barat,10.55,5,46.46,8.13,28.6,5.18,3.63,0.24,100
Laki-Laki,2019,Riau,8.03,8.34,37.16,23.54,26.76,1.67,2.46,0.41,100
Laki-Laki,2019,Jambi,9.34,4.34,41,11.58,36,2.02,2.49,1.59,100
Laki-Laki,2019,Sumatera Selatan,7.57,5.67,52.35,9.39,26.07,3.91,2.74,0.88,100
Laki-Laki,2019,Bengkulu,7.37,4.84,56.36,11.19,21.37,2.35,2.2,1.42,100
Laki-Laki,2019,Lampung,2.8,5.46,53.88,9.77,27.36,2.9,2.47,1.99,100
Laki-Laki,2019,Kepulauan Bangka Belitung,6.9,9.78,41.31,15.8,28.54,5.08,1.43,1.26,100
Laki-Laki,2019,Kepulauan Riau,8.47,12.96,24.97,29.2,23.47,2.33,3.58,2.19,100
Laki-Laki,2019,DKI Jakarta,12.33,9.53,8.57,34.23,42.1,0.22,0.82,0.49,100
Laki-Laki,2019,Jawa Barat,6.28,9.73,32.32,27.21,28.57,1.73,1.41,0.94,100
Laki-Laki,2019,Jawa Tengah,5.94,6.69,53.41,12.2,24.48,2.04,1.38,0.96,100
Laki-Laki,2019,DI Yogyakarta,7.54,18.6,34.2,16.1,30.12,0.22,0.57,1.41,100
Laki-Laki,2019,Jawa Timur,5.65,6.84,54.41,11.46,22.59,4.21,1.76,1.32,100
Laki-Laki,2019,Banten,5.19,10.43,28.43,38.42,23.78,1.02,1.13,1.11,100
Laki-Laki,2019,Bali,9.14,5.99,56.89,9.85,23.88,0.45,1.03,0.44,100
Laki-Laki,2019,Nusa Tenggara Barat,5.26,1.61,43.55,10.52,39.44,5.92,4.12,3.31,100
Laki-Laki,2019,Nusa Tenggara Timur,5.28,3.13,16.24,7,64.17,9.62,0.88,0.65,100
Laki-Laki,2019,Kalimantan Barat,7.58,4.59,33.53,8.27,40.46,9.02,2.12,1.63,100
Laki-Laki,2019,Kalimantan Tengah,13.19,1.42,31.92,10.13,45.62,3.24,1.69,1.85,100
Laki-Laki,2019,Kalimantan Selatan,12.88,2.69,34.66,11.81,39.45,5.25,2.48,1.59,100
Laki-Laki,2019,Kalimantan Timur,9.39,11.54,17.77,21.26,44.03,0.7,0.36,0.55,100
Laki-Laki,2019,Kalimantan Utara,12.99,1.05,34.05,11.29,45.32,2.8,1.59,0.26,100
Laki-Laki,2019,Sulawesi Utara,11.65,6.1,39.04,8.03,39.78,1.71,0.82,1.33,100
Laki-Laki,2019,Sulawesi Tengah,11.53,1.96,26.31,4.17,46.01,13.34,1.92,1.57,100
Laki-Laki,2019,Sulawesi Selatan,9.72,5.36,25.87,13.05,48.77,2.16,1.19,1.26,100
Laki-Laki,2019,Sulawesi Tenggara,10.68,1.88,24.34,6.67,53.82,4.16,2.82,1.09,100
Laki-Laki,2019,Gorontalo,7.03,0.76,44.39,8.24,44.25,0.81,2.06,0.21,100
Laki-Laki,2019,Sulawesi Barat,9.38,2.06,18.79,4.82,65.32,2.2,1.12,1.49,100
Laki-Laki,2019,Maluku,9.42,1.5,27.92,7.52,53.25,3.47,1.11,1.16,100
Laki-Laki,2019,Maluku Utara,17.32,1.08,19.29,7.41,52.23,5.7,1.85,1.06,100
Laki-Laki,2019,Papua Barat,13.32,8.44,13.28,8.48,58.55,1.35,0.82,1.86,100
Laki-Laki,2019,Papua,17.27,1.64,6.71,7.33,69.99,0.81,0.49,0.59,100
Laki-Laki,2019,I N D O N E S I A,7.25,7.25,40.47,16.91,30.62,2.97,1.79,1.12,100
Perempuan,2019,Aceh,17.51,3.15,32.31,9.41,51.45,6.17,2.13,1.08,100
Perempuan,2019,Sumatera Utara,5.22,9.32,51.22,15.16,20.86,2.89,3.39,0.96,100
Perempuan,2019,Sumatera Barat,9.2,5.14,44.05,8.16,33.37,5.12,3.15,0.09,100
Perempuan,2019,Riau,8.71,10.02,34.91,23.19,26.41,2.79,2.65,0.75,100
Perempuan,2019,Jambi,9.1,4.94,42.65,10.93,34.37,1.8,2.15,1.11,100
Perempuan,2019,Sumatera Selatan,6.81,5.85,51.21,9.26,27.26,4.1,2.65,1.05,100
Perempuan,2019,Bengkulu,8.2,4.47,53.15,9.08,25.7,3.04,2.69,1.1,100
Perempuan,2019,Lampung,2.44,6.2,52.94,10.73,29.26,3.09,2.2,1.58,100
Perempuan,2019,Kepulauan Bangka Belitung,8.32,9.25,40.71,12.18,31.25,5.67,1.49,1.51,100
Perempuan,2019,Kepulauan Riau,8.53,13.12,26.32,24.29,31.96,3.43,1.05,1.81,100
Perempuan,2019,DKI Jakarta,12.16,11.13,9.58,29.04,43.74,0.26,0.93,0.41,100
Perempuan,2019,Jawa Barat,6.49,8.68,33.93,24.26,31.78,1.46,1.21,0.81,100
Perempuan,2019,Jawa Tengah,6.06,6.92,50.33,11.75,28.25,2.65,1.27,0.91,100
Perempuan,2019,DI Yogyakarta,7.37,17.26,32.61,14.84,33.82,1.3,0.98,0.85,100
Perempuan,2019,Jawa Timur,5.74,6.75,52.67,10.81,24.47,4.99,1.79,1.14,100
Perempuan,2019,Banten,4.02,9.19,30.76,35.85,26.72,1.39,1.16,1.1,100
Perempuan,2019,Bali,7.27,7.08,58.98,8.8,24.39,0.29,1.02,0.39,100
Perempuan,2019,Nusa Tenggara Barat,4.42,1.62,40.79,11.38,41.62,7.32,4.14,3.2,100
Perempuan,2019,Nusa Tenggara Timur,4.76,2.89,15.36,6.05,66.57,10.18,0.57,0.53,100
Perempuan,2019,Kalimantan Barat,6.81,4.57,32.26,8.29,43.14,10.53,2.19,1.37,100
Perempuan,2019,Kalimantan Tengah,13.56,3.45,33.68,9.8,43.34,4.12,1.17,0.84,100
Perempuan,2019,Kalimantan Selatan,9.86,2.55,33.13,9.84,43.19,6.33,2.68,1.53,100
Perempuan,2019,Kalimantan Timur,11.69,13.36,16.38,18.47,42.25,1.31,0.81,0.57,100
Perempuan,2019,Kalimantan Utara,9.69,2.17,37.24,10.62,45.99,1.35,1.13,0.07,100
Perempuan,2019,Sulawesi Utara,9.15,7.18,37.64,8.78,42.09,2.4,0.56,1.17,100
Perempuan,2019,Sulawesi Tengah,11.74,1.4,22.45,5.7,49.7,13.61,1.45,1.1,100
Perempuan,2019,Sulawesi Selatan,10.11,5.02,25.16,9.48,54.05,2.72,0.94,0.88,100
Perempuan,2019,Sulawesi Tenggara,8.64,3.02,22.41,6.51,55.94,4.22,3.09,1.75,100
Perempuan,2019,Gorontalo,7.1,0.67,38.71,10.45,48.89,1.79,1.11,0.12,100
Perempuan,2019,Sulawesi Barat,8.1,1.53,22.52,4.19,66.29,2.88,1.32,1.41,100
Perempuan,2019,Maluku,10.54,1.45,25.53,7.01,55.43,4.91,0.89,0.57,100
Perempuan,2019,Maluku Utara,13.12,0.91,22.68,5.51,56.92,4.01,0.87,0.97,100
Perempuan,2019,Papua Barat,12.21,6.6,10.94,6.83,66.09,1.52,0.43,1.36,100
Perempuan,2019,Papua,17.3,1.14,6.57,7.92,69.51,1.49,0.76,0.28,100
Perempuan,2019,I N D O N E S I A,7.03,7.16,39.8,15.62,33.28,3.37,1.64,0.98,100
Laki-Laki,2020,Aceh,15.51,3,30.92,10.27,46.84,4.76,2.26,0.86,100
Laki-Laki,2020,Sumatera Utara,6.43,7.56,51,15.03,19.22,1.73,2.39,0.77,100
Laki-Laki,2020,Sumatera Barat,9.04,4.68,44.96,12.37,28.73,4.45,2.73,0.18,100
Laki-Laki,2020,Riau,8.33,10.35,32.77,25.89,23.47,1.97,2.19,1.12,100
Laki-Laki,2020,Jambi,8.62,4.2,38.43,10.96,40.12,1.3,2.14,2.1,100
Laki-Laki,2020,Sumatera Selatan,6.94,6.46,51.53,8.61,24.01,5.7,1.77,0.65,100
Laki-Laki,2020,Bengkulu,8.3,3.05,55.44,11.26,23.75,0.46,2.38,1.54,100
Laki-Laki,2020,Lampung,2.97,4.78,58.61,10.78,24.95,2.09,1.64,0.82,100
Laki-Laki,2020,Kepulauan Bangka Belitung,7.4,8.23,38.58,13.13,32.27,6.31,1.86,1.83,100
Laki-Laki,2020,Kepulauan Riau,7.23,10.53,18.48,22.04,36.08,5.63,1.47,1.38,100
Laki-Laki,2020,DKI Jakarta,11.14,11.15,10.46,32.86,36.91,0.56,0.8,0.16,100
Laki-Laki,2020,Jawa Barat,6.89,9.58,33.99,27.26,25.99,0.88,0.66,0.84,100
Laki-Laki,2020,Jawa Tengah,6,7.8,47.96,14.56,25.74,1.78,1.28,0.61,100
Laki-Laki,2020,DI Yogyakarta,8.98,19.67,31.93,14.41,30.32,0.52,1.22,0.47,100
Laki-Laki,2020,Jawa Timur,5.73,7.86,51.64,11.45,22.22,3.88,2.13,1.25,100
Laki-Laki,2020,Banten,5.02,11.98,31.26,32.42,24.48,0.67,1.33,0.37,100
Laki-Laki,2020,Bali,8.05,10.04,56.31,9.09,20.32,0.5,1.27,0.66,100
Laki-Laki,2020,Nusa Tenggara Barat,5.6,1.78,42.62,10.07,37.11,4.81,2.32,5.03,100
Laki-Laki,2020,Nusa Tenggara Timur,5.12,3.19,13.29,5.86,65.24,10.23,0.78,0.69,100
Laki-Laki,2020,Kalimantan Barat,9.43,3.71,30.93,9.59,42.95,5.76,1.82,1.85,100
Laki-Laki,2020,Kalimantan Tengah,14.3,2.11,38.01,8.3,37.36,4.3,0.45,0.64,100
Laki-Laki,2020,Kalimantan Selatan,11.2,3.34,33.83,11.59,36.74,4.69,1.85,1.41,100
Laki-Laki,2020,Kalimantan Timur,11.58,13.26,20.26,24.52,33.26,1.66,0.56,0.18,100
Laki-Laki,2020,Kalimantan Utara,9.22,2.27,28.06,12.9,50.95,0.81,0.52,0,100
Laki-Laki,2020,Sulawesi Utara,10.72,9.52,35.58,10.05,38.06,1.11,0.75,0.4,100
Laki-Laki,2020,Sulawesi Tengah,10.67,2.81,22.26,7.72,50.28,10.23,0.44,1.17,100
Laki-Laki,2020,Sulawesi Selatan,10.95,4.29,22.61,9.95,51.6,4.44,0.87,2.1,100
Laki-Laki,2020,Sulawesi Tenggara,10.17,3.24,21.16,6.6,57.04,3.29,1.15,0.63,100
Laki-Laki,2020,Gorontalo,4.94,0.48,34.22,14.08,47.82,3.04,1.14,0.14,100
Laki-Laki,2020,Sulawesi Barat,9.31,1.24,23.76,2.95,60.49,4.38,1.05,3.12,100
Laki-Laki,2020,Maluku,8.95,2.61,23.83,6.76,59.92,2.49,1.44,0.41,100
Laki-Laki,2020,Maluku Utara,13.11,1.1,20.68,5.97,52.51,10.62,1.68,0.36,100
Laki-Laki,2020,Papua Barat,14.15,3.32,10.06,12.62,61.47,2.11,0.12,0.55,100
Laki-Laki,2020,Papua,15.98,2.29,5.82,6.73,69.85,2.26,0.46,0.63,100
Laki-Laki,2020,I N D O N E S I A,7.31,7.79,38.99,17.18,29.91,2.62,1.41,0.95,100
perempuan,2020,Aceh,14.5,2.82,30.14,9.08,52.01,4.98,1.47,0.67,100
perempuan,2020,Sumatera Utara,5.66,8.68,52.39,13.85,19.83,1.82,2.06,0.94,100
perempuan,2020,Sumatera Barat,9.95,5.25,40.84,12.5,32.72,4.13,2.81,0.31,100
perempuan,2020,Riau,8.22,11.72,30.97,24.93,25.48,2.43,1.91,0.92,100
perempuan,2020,Jambi,9.37,5.14,41.23,9.7,36.62,2.38,1.25,1.39,100
perempuan,2020,Sumatera Selatan,5.23,7.53,50,9.48,26.41,5,1.1,0.73,100
perempuan,2020,Bengkulu,7.99,3.31,57.16,8.52,25.41,1.11,1.11,0.77,100
perempuan,2020,Lampung,2.92,5.76,57.25,9.27,27.3,2.24,1.32,0.89,100
perempuan,2020,Kepulauan Bangka Belitung,7.89,10.3,34.85,8.99,37.63,6.62,0.91,2.11,100
perempuan,2020,Kepulauan Riau,11.29,13.41,21.67,23.51,28.93,5.82,0.67,0.28,100
perempuan,2020,DKI Jakarta,11.18,10.83,8.91,29.93,44.3,0.49,1.18,0.2,100
perempuan,2020,Jawa Barat,5.39,9.27,32.62,25.57,31.33,1.21,0.92,0.64,100
perempuan,2020,Jawa Tengah,5.41,8.17,46.27,12.81,28.37,2.9,1.05,0.57,100
perempuan,2020,DI Yogyakarta,5.8,18.54,31.48,12.93,35.67,0.99,0.93,0.32,100
perempuan,2020,Jawa Timur,6.52,7.66,50.08,11.18,24.3,4.75,1.92,1.03,100
perempuan,2020,Banten,4.36,9.95,30.49,33.18,27.35,0.6,0.98,0.29,100
perempuan,2020,Bali,6.67,8.03,57.69,11.35,19.92,0.54,0.94,0.43,100
perempuan,2020,Nusa Tenggara Barat,4.69,1.65,41.77,9.68,39.2,6.1,2.53,4.5,100
perempuan,2020,Nusa Tenggara Timur,4.89,2.89,12.75,5.15,67.92,11.24,0.63,0.54,100
perempuan,2020,Kalimantan Barat,6.93,3.47,32.61,9.84,42.37,6.3,1.28,2,100
perempuan,2020,Kalimantan Tengah,11.67,2.95,36.36,6.81,42.39,5.04,0.96,1.68,100
perempuan,2020,Kalimantan Selatan,10.87,3.92,30.42,9.68,39.08,9.17,1.84,1.07,100
perempuan,2020,Kalimantan Timur,10.88,13.03,17.82,20.38,40.58,2.37,0.15,0.7,100
perempuan,2020,Kalimantan Utara,16.99,1.11,24.75,7.87,51.72,0.6,0.69,0.18,100
perempuan,2020,Sulawesi Utara,9.65,6.32,34.76,9.21,44.24,2.09,0.72,0.41,100
perempuan,2020,Sulawesi Tengah,7.77,1.53,24.83,5.27,52.27,11.53,1.05,1.62,100
perempuan,2020,Sulawesi Selatan,9.65,3.4,20.14,10.98,55.1,4.93,0.63,1.57,100
perempuan,2020,Sulawesi Tenggara,8.65,2.38,20.31,7.09,57.99,4.36,1.17,1.27,100
perempuan,2020,Gorontalo,5.54,0.81,30.91,12.94,52.52,3.54,1.02,0,100
perempuan,2020,Sulawesi Barat,7.08,0.87,18.65,3.34,67.34,4.48,0.4,2.38,100
perempuan,2020,Maluku,8.18,1.64,21.47,7.73,59.89,3.48,0.44,0.5,100
perempuan,2020,Maluku Utara,9.63,0.94,21.07,4.51,54.59,13.45,0.36,0.36,100
perempuan,2020,Papua Barat,14.7,3.95,12.08,8.51,63.49,2.04,0.56,1.02,100
perempuan,2020,Papua,14.84,1.45,5.79,6.48,72.6,2.26,0.55,0.11,100
perempuan,2020,I N D O N E S I A,6.7,7.68,37.78,16.11,33.21,3.21,1.29,0.84,100
Laki-Laki,2021,Aceh,15.06,2.52,38.54,13.34,36.93,5.18,2.67,1.61,100
Laki-Laki,2021,Sumatera Utara,5.24,7.76,56.1,12.47,17.47,1.67,3.34,1.72,100
Laki-Laki,2021,Sumatera Barat,7.42,4.79,39.84,28.48,17.64,3.89,3.41,0.81,100
Laki-Laki,2021,Riau,3.09,4.53,15.86,68.01,7.91,1,1.15,0.07,100
Laki-Laki,2021,Jambi,9.75,4.82,47.64,8.33,28.42,5,1.91,0.63,100
Laki-Laki,2021,Sumatera Selatan,3.81,3.61,30.57,51.1,9.23,3.05,1.1,0.49,100
Laki-Laki,2021,Bengkulu,4.16,3.68,33.77,48.83,9.93,1.31,1.9,0.24,100
Laki-Laki,2021,Lampung,1.88,3.88,32.69,52.02,9.5,0.63,2.02,0.51,100
Laki-Laki,2021,Kepulauan Bangka Belitung,3.74,4.28,17.17,60.93,11.94,2.32,0.85,0.77,100
Laki-Laki,2021,Kepulauan Riau,13.12,17.58,19.92,27.45,15.94,0.75,4.27,3.66,100
Laki-Laki,2021,DKI Jakarta,7.62,5.47,4.15,73.55,10.74,0.26,1,0.56,100
Laki-Laki,2021,Jawa Barat,2.95,4.33,14.18,71.7,7.86,0.43,0.99,0.48,100
Laki-Laki,2021,Jawa Tengah,7.02,9.09,52.43,14.81,16.56,1.8,2.03,1.26,100
Laki-Laki,2021,DI Yogyakarta,4.04,9.36,12.8,64.58,11.76,0.19,0.48,0.47,100
Laki-Laki,2021,Jawa Timur,5.58,6.61,57.31,11.65,15.02,5.12,2.73,1.74,100
Laki-Laki,2021,Banten,5.41,10.54,28.87,37.4,23.21,0.06,2.3,1.17,100
Laki-Laki,2021,Bali,3.97,5.74,29.41,52.07,10.3,0.48,0.95,0.39,100
Laki-Laki,2021,Nusa Tenggara Barat,4.81,1.21,51.7,13.41,26.18,6.41,3.17,3.44,100
Laki-Laki,2021,Nusa Tenggara Timur,4.32,2.68,15.93,8.71,54.31,17.13,1.41,0.8,100
Laki-Laki,2021,Kalimantan Barat,7.43,3.81,36.64,11,34.63,7.28,3.7,2.81,100
Laki-Laki,2021,Kalimantan Tengah,15.69,2.78,30.58,12.44,36.12,6.96,1.57,1.57,100
Laki-Laki,2021,Kalimantan Selatan,7.42,3.08,20.31,47.58,19.55,3.41,1.21,0.18,100
Laki-Laki,2021,Kalimantan Timur,19.4,8.78,18.61,23.93,31,0.98,1.81,1,100
Laki-Laki,2021,Kalimantan Utara,23.69,1.35,24.94,14.31,42.92,1.46,0.23,0.56,100
Laki-Laki,2021,Sulawesi Utara,10.66,7.67,43.36,10.96,29.59,1.98,0.85,0.69,100
Laki-Laki,2021,Sulawesi Tengah,10.9,1.39,26.33,6.11,46.61,9.39,2.15,1.21,100
Laki-Laki,2021,Sulawesi Selatan,8.31,5.23,33.58,14.99,36.44,2.81,1.46,1.8,100
Laki-Laki,2021,Sulawesi Tenggara,6.94,1.64,12.76,42.21,35.37,1.89,1.88,0.46,100
Laki-Laki,2021,Gorontalo,4.15,0.98,52.06,11.49,30.19,2.51,1.54,0.74,100
Laki-Laki,2021,Sulawesi Barat,7.9,0.36,22.53,26.85,41.98,2.45,1.2,2.74,100
Laki-Laki,2021,Maluku,9.18,2.38,30.37,7.02,49.48,2.35,1.09,3.69,100
Laki-Laki,2021,Maluku Utara,9.54,2.41,19.98,3.61,52.34,12.8,1.49,0.7,100
Laki-Laki,2021,Papua Barat,5.49,2.32,6.52,56.05,29.07,1.49,0.49,0.31,100
Laki-Laki,2021,Papua,10.95,1.11,7.82,13.45,66.91,1.57,0.69,0.4,100
Laki-Laki,2021,I N D O N E S I A,5.23,5.3,29.32,43.97,15.83,2.25,1.69,0.96,100
perempuan,2021,Aceh,14.11,2.23,37.26,12.96,40.61,6.05,2.13,1.26,100
perempuan,2021,Sumatera Utara,5.33,5.99,59.22,10.3,17.95,1.83,3.32,1.61,100
perempuan,2021,Sumatera Barat,6.6,5.29,41.5,23.18,22.42,4.4,4.36,0.46,100
perempuan,2021,Riau,7.36,10.05,40.13,19.82,20.76,3.19,3.05,0.35,100
perempuan,2021,Jambi,7.21,4.51,50.12,8.47,28.95,4.07,1.54,1.01,100
perempuan,2021,Sumatera Selatan,4.04,3.38,33.56,44.09,11.93,3.81,1.08,0.69,100
perempuan,2021,Bengkulu,7.55,5.34,55,11.93,20.92,3.57,2.43,1.53,100
perempuan,2021,Lampung,3.82,5.8,63.12,8.96,20.12,1.31,2.74,0.49,100
perempuan,2021,Kepulauan Bangka Belitung,9.8,10.91,37.37,10.4,29.55,3.54,1.24,2.22,100
perempuan,2021,Kepulauan Riau,11.84,14.21,27.29,23.63,22.24,2.01,1.98,1.11,100
perempuan,2021,DKI Jakarta,17.68,14.19,10.98,33.56,27.56,0.53,0.68,1.04,100
perempuan,2021,Jawa Barat,6.43,10.07,39.3,23.57,23.66,1.68,2.09,1.29,100
perempuan,2021,Jawa Tengah,3.19,5.07,28.66,52.25,11.16,1.72,0.86,0.62,100
perempuan,2021,DI Yogyakarta,7.72,20.34,31.74,15.83,26.82,1.03,1.29,0.14,100
perempuan,2021,Jawa Timur,3.48,4.25,36.93,42.4,10.58,4,1.78,0.78,100
perempuan,2021,Banten,2.85,5.97,16.99,63.46,13.89,0.31,0.96,0.38,100
perempuan,2021,Bali,6.97,8.96,55.79,9.15,22.5,1.1,1.5,0.44,100
perempuan,2021,Nusa Tenggara Barat,3.88,1.51,50.72,13.41,27.29,7.76,3.82,3.53,100
perempuan,2021,Nusa Tenggara Timur,4.33,2.35,15.06,8.47,55.69,17.5,0.91,0.88,100
perempuan,2021,Kalimantan Barat,7.63,2.34,38.57,10.28,37.95,6.22,2.01,1.83,100
perempuan,2021,Kalimantan Tengah,6.69,1.05,24.58,46.26,18.64,4.49,0.38,1.45,100
perempuan,2021,Kalimantan Selatan,8.13,5.36,39.01,8.33,34.1,8.63,1.77,0.17,100
perempuan,2021,Kalimantan Timur,6.54,6.51,11.07,61.39,16.89,0.52,0.37,0.61,100
perempuan,2021,Kalimantan Utara,9.59,0.39,12.5,53.45,27.36,0.51,0,0.06,100
perempuan,2021,Sulawesi Utara,5.66,3.56,25.33,46.69,19.22,1.45,0.59,0.51,100
perempuan,2021,Sulawesi Tengah,4.22,1.47,16.4,41.29,30.47,6.75,0.63,1.08,100
perempuan,2021,Sulawesi Selatan,4.25,2.63,16.17,54.96,21.2,2.01,0.69,0.93,100
perempuan,2021,Sulawesi Tenggara,8.62,2.62,20.7,6.59,57.79,3.81,2.76,1.69,100
perempuan,2021,Gorontalo,4.83,1.03,35.2,34.88,25.94,1.87,1.09,0.2,100
perempuan,2021,Sulawesi Barat,6.2,0.3,18.78,30.6,42.9,2.91,1,2.53,100
perempuan,2021,Maluku,7.75,3.18,22.97,6.23,58.99,1.46,0.45,3.4,100
perempuan,2021,Maluku Utara,7.39,2.13,15.8,4.85,60.87,10.38,1.29,0.19,100
perempuan,2021,Papua Barat,13.55,3.38,14,8.36,61.82,3.86,0.11,0.77,100
perempuan,2021,Papua,9.96,1.69,7.68,11.67,68.62,1.48,0.49,0.6,100
perempuan,2021,I N D O N E S I A,5.25,5.67,33.57,35.57,19.72,3.09,1.64,0.94,100
Laki-Laki,2022,Aceh,15.48,4.47,26.41,16.77,42.17,3.42,0.6,3.99,100
Laki-Laki,2022,Sumatera Utara,5.84,5.83,46.27,18.09,22.64,0.5,1.75,1.44,100
Laki-Laki,2022,Sumatera Barat,9.51,3.92,22.97,7.23,56.05,1.11,0.49,0.47,100
Laki-Laki,2022,Riau,4.23,8.25,22.45,23.2,41.48,0.44,3.41,0.35,100
Laki-Laki,2022,Jambi,5.71,5.14,29.24,13.88,46.36,0,1.27,1.21,100
Laki-Laki,2022,Sumatera Selatan,5.91,5.3,25.6,16.49,49.02,0.57,1.6,0.46,100
Laki-Laki,2022,Bengkulu,4.16,5.01,28.35,7.42,55.13,0,0.58,0,100
Laki-Laki,2022,Lampung,5.24,9.02,41.57,11.29,38.63,0.82,1.26,0.62,100
Laki-Laki,2022,Kepulauan Bangka Belitung,6.29,7.3,35.3,15.36,36.32,1.22,3,2.27,100
Laki-Laki,2022,Kepulauan Riau,15.3,15.93,14.46,17.2,36.42,0.71,0.37,1.17,100
Laki-Laki,2022,DKI Jakarta,11.79,10.71,2.16,15.34,62.96,0,0.67,0.39,100
Laki-Laki,2022,Jawa Barat,5.58,6.87,21.12,20.96,45.72,1.15,0.94,1.32,100
Laki-Laki,2022,Jawa Tengah,6.71,8.1,29.88,11.52,44.23,0.61,1.25,1,100
Laki-Laki,2022,DI Yogyakarta,6.18,13.53,21.43,14.77,44.86,1.26,0.59,0.18,100
Laki-Laki,2022,Jawa Timur,5.69,5.79,38.19,11.43,38.53,1.29,0.75,1.03,100
Laki-Laki,2022,Banten,4.18,13.4,20.3,30.99,33.71,0.33,1.38,0.19,100
Laki-Laki,2022,Bali,9.72,10.23,38.67,9,37.04,0,0.15,0.1,100
Laki-Laki,2022,Nusa Tenggara Barat,6.24,1.08,46.14,10.67,32.49,5.46,1.01,3.48,100
Laki-Laki,2022,Nusa Tenggara Timur,5.94,4.69,11.19,4.51,74.19,0.05,0.16,0.42,100
Laki-Laki,2022,Kalimantan Barat,13.03,3.01,24.19,20.85,36.48,2.33,0.89,2.36,100
Laki-Laki,2022,Kalimantan Tengah,17.31,3.83,21.4,10.59,49.91,0,1.62,3.67,100
Laki-Laki,2022,Kalimantan Selatan,17.37,3.14,16.82,7.03,57.49,1.19,0.52,0.59,100
Laki-Laki,2022,Kalimantan Timur,9.68,9.29,12.44,14.02,54.97,1.02,0,0.78,100
Laki-Laki,2022,Kalimantan Utara,20.45,0,26.3,15.76,41.84,0,0.03,0,100
Laki-Laki,2022,Sulawesi Utara,11.54,9.47,30.38,11.33,36.78,0.64,1.24,2.47,100
Laki-Laki,2022,Sulawesi Tengah,3.99,2.04,8.58,2.66,83.06,0,0.14,0,100
Laki-Laki,2022,Sulawesi Selatan,10.03,2.61,16.25,12.58,56.88,1.99,1.02,0.79,100
Laki-Laki,2022,Sulawesi Tenggara,19.82,3.67,20.98,13.54,44.79,0,0.02,0.97,100
Laki-Laki,2022,Gorontalo,4.71,0.71,28.46,7.09,59.44,0.37,0,0,100
Laki-Laki,2022,Sulawesi Barat,8.74,2.34,37.38,2.81,50.49,0,0,0.03,100
Laki-Laki,2022,Maluku,8.54,2.15,17.55,8.18,64.72,0,1.41,1.18,100
Laki-Laki,2022,Maluku Utara,16.55,4.9,13.94,21.46,47.36,0,0,0,100
Laki-Laki,2022,Papua Barat,11.86,6.97,20.33,13.4,44.96,0.49,0,2.65,100
Laki-Laki,2022,Papua,22.11,6.9,10.82,16.28,56.98,0,0,0,100
Laki-Laki,2022,I N D O N E S I A,6.82,7.12,26.52,16.01,44.05,1.03,0.99,1.08,100
perempuan,2022,Aceh,10.47,3.1,27.68,17.01,46.58,4.44,0.77,2.96,100
perempuan,2022,Sumatera Utara,6.89,5.99,46.4,15.74,24.2,0.31,2.19,1.31,100
perempuan,2022,Sumatera Barat,6.84,5.6,25.46,7.73,56.16,0.78,0.76,0.27,100
perempuan,2022,Riau,5.75,7.86,22.37,23.2,40.21,0.32,1.96,0.34,100
perempuan,2022,Jambi,5.21,3.83,30.35,11.8,50.19,0,0.52,0.61,100
perempuan,2022,Sumatera Selatan,6.35,8,26.16,16.55,45.45,0.52,0.76,0.83,100
perempuan,2022,Bengkulu,4.32,3.24,30.07,10.52,52.48,0.3,0,0.88,100
perempuan,2022,Lampung,4.63,5.38,41.57,12.84,39.86,0.5,0.29,0,100
perempuan,2022,Kepulauan Bangka Belitung,5.98,10.92,35.61,18.14,34.6,0.38,1.3,1.13,100
perempuan,2022,Kepulauan Riau,11.28,14.2,19.03,15.63,40.04,2.62,0.2,1.04,100
perempuan,2022,DKI Jakarta,16.86,10.08,3.08,13.2,59.81,0.13,0.48,0.96,100
perempuan,2022,Jawa Barat,4.18,6.74,21.76,20.1,48.05,0.52,0.95,0.59,100
perempuan,2022,Jawa Tengah,5.48,8.3,32.91,11.13,43.01,0.61,0.84,0.91,100
perempuan,2022,DI Yogyakarta,6.67,15.06,21.9,15.86,43.08,0.3,0.94,0,100
perempuan,2022,Jawa Timur,5.36,5.78,40,10.95,38.3,1.46,0.76,0.93,100
perempuan,2022,Banten,2.78,10.99,20.31,32.67,37.45,1.47,0.61,0,100
perempuan,2022,Bali,9.29,11.45,36.2,9.67,37.09,0,0.11,0.62,100
perempuan,2022,Nusa Tenggara Barat,5.23,2.24,42.48,9.93,39.68,3.33,1.68,3.81,100
perempuan,2022,Nusa Tenggara Timur,6.25,6.33,9.65,6.5,72.18,0.4,0.17,0.95,100
perempuan,2022,Kalimantan Barat,9.48,7.06,26.86,19.09,36.9,2.46,1.99,1.52,100
perempuan,2022,Kalimantan Tengah,11.43,4.73,19.7,13.35,53.42,0,2.59,2.27,100
perempuan,2022,Kalimantan Selatan,12.54,5.54,23.49,5.85,51.66,1.85,0.51,0.41,100
perempuan,2022,Kalimantan Timur,8.22,9.22,13.64,14.33,56.09,0.57,0,0.7,100
perempuan,2022,Kalimantan Utara,19.6,0,20.07,12.75,51.41,0,0,0,100
perempuan,2022,Sulawesi Utara,14.43,8.1,25.47,9.52,44.87,0.73,0.44,2.16,100
perempuan,2022,Sulawesi Tengah,9.66,2.34,4.72,1.23,81.94,0.44,0,0,100
perempuan,2022,Sulawesi Selatan,10.12,4.95,15.51,9.17,59.81,1.9,0.88,1.17,100
perempuan,2022,Sulawesi Tenggara,17.36,4.1,25.08,6.87,49.57,0.05,0.27,0.15,100
perempuan,2022,Gorontalo,4.04,1.58,26.07,12,56.9,0.06,0,0,100
perempuan,2022,Sulawesi Barat,10.36,0,37.05,4.94,48.57,0,0.53,0,100
perempuan,2022,Maluku,4.77,5.37,16.18,8.65,64.99,1.75,2.28,1.07,100
perempuan,2022,Maluku Utara,23.12,2.2,23.08,12.54,41.24,0.9,0,0,100
perempuan,2022,Papua Barat,17.58,7.34,15.09,14.19,48.72,0.46,0,0,100
perempuan,2022,Papua,17.37,1.68,9.1,15.76,60.35,0.41,0,0.02,100
perempuan,2022,I N D O N E S I A,6.24,7.18,27.61,15.35,44.77,0.86,0.88,0.83,100
Laki-Laki,2023,Aceh,15.91,2.84,32.46,13.83,38.39,5.12,2.7,1.45,100
Laki-Laki,2023,Sumatera Utara,7.54,9.06,52.72,11,19.5,1.12,3.24,0.99,100
Laki-Laki,2023,Sumatera Barat,10.53,5.68,38.88,12.81,30.47,4.47,2.47,0.27,100
Laki-Laki,2023,Riau,8.22,12.48,33.51,23.87,20.72,2.46,1.67,1.14,100
Laki-Laki,2023,Jambi,11.94,5.27,39.16,14.81,29.67,3.38,1.9,0.61,100
Laki-Laki,2023,Sumatera Selatan,6.84,8.27,41.6,17.81,23.48,3.67,1.52,0.96,100
Laki-Laki,2023,Bengkulu,8.69,6.08,52.11,10.78,22.69,0.45,2.83,0.71,100
Laki-Laki,2023,Lampung,3.9,6.18,59.48,11.2,19.74,0.4,3.17,0.32,100
Laki-Laki,2023,Kepulauan Bangka Belitung,11.95,10.47,39.67,15.26,23.66,2.64,1.66,1.98,100
Laki-Laki,2023,Kepulauan Riau,13.34,23.22,15.38,28.55,18.6,1.91,1.75,0.46,100
Laki-Laki,2023,DKI Jakarta,16.2,15.18,4.72,33.6,33.48,0.45,1.23,0.26,100
Laki-Laki,2023,Jawa Barat,7.8,9.77,33.85,27.38,22.96,0.92,2.09,1.41,100
Laki-Laki,2023,Jawa Tengah,7.36,9.16,43.84,14.9,24.58,2.35,1.58,1.01,100
Laki-Laki,2023,DI Yogyakarta,9.39,23.22,26.8,13.67,30.87,1.16,0.92,0.68,100
Laki-Laki,2023,Jawa Timur,9.05,7.95,49.9,13.44,18.52,3.56,2.84,1.81,100
Laki-Laki,2023,Banten,9.6,10.33,20.87,42.18,18.97,0.38,3.69,0.91,100
Laki-Laki,2023,Bali,9.07,9.22,51.99,14.01,18.09,0.62,0.72,0.13,100
Laki-Laki,2023,Nusa Tenggara Barat,6.24,1.23,38.99,11.12,36.08,6.27,3.34,5.41,100
Laki-Laki,2023,Nusa Tenggara Timur,7.31,3.95,11.19,9.64,61.73,10.96,0.84,0.19,100
Laki-Laki,2023,Kalimantan Barat,11.14,5.4,31.87,11.49,36.66,6.15,2.83,0.54,100
Laki-Laki,2023,Kalimantan Tengah,18.22,2.49,28.85,12.17,29.9,8.27,2.46,3.11,100
Laki-Laki,2023,Kalimantan Selatan,20.16,5.08,19.35,10.81,39.75,5.27,3.12,2.3,100
Laki-Laki,2023,Kalimantan Timur,15.45,14.25,13.83,26.13,33.49,1.72,2.1,1.14,100
Laki-Laki,2023,Kalimantan Utara,20.95,2.2,18.91,11.48,45.9,1.89,2.14,0.83,100
Laki-Laki,2023,Sulawesi Utara,11.15,7.44,35.18,10.81,35.32,3.01,0.83,0.09,100
Laki-Laki,2023,Sulawesi Tengah,15.85,2.58,11.28,7.99,52.9,10.75,1.46,0.96,100
Laki-Laki,2023,Sulawesi Selatan,13.12,3.46,20.1,15.01,48.58,1.88,1.25,1.93,100
Laki-Laki,2023,Sulawesi Tenggara,16.21,3.02,13.17,9.36,55.48,2.74,0.85,2.45,100
Laki-Laki,2023,Gorontalo,7.26,0,38.36,12,43.16,2.18,0.4,1.38,100
Laki-Laki,2023,Sulawesi Barat,11.33,0.75,19.84,4.43,61.36,1.54,2.68,0.93,100
Laki-Laki,2023,Maluku,8.61,2.49,20.21,5.69,60.52,4.18,0.96,2.52,100
Laki-Laki,2023,Maluku Utara,16.92,0.34,12.05,6.85,54.76,11.47,1.78,0.06,100
Laki-Laki,2023,Papua Barat,14.86,3.95,10.02,10.36,58.72,1.3,1.56,1.31,100
Laki-Laki,2023,Papua,16.28,1.85,6.27,9.46,65.02,2.09,0.67,1.81,100
Laki-Laki,2023,I N D O N E S I A,9.27,8.48,36.84,18.45,26.87,2.55,2.18,1.3,100
perempuan,2023,Aceh,14.12,3.45,32.53,12.02,44.33,5.27,2.44,1.33,100
perempuan,2023,Sumatera Utara,7.81,7.48,53.81,11.82,19.67,1.93,2.1,0.6,100
perempuan,2023,Sumatera Barat,10.32,7.13,40.12,11.08,30.53,4.57,2.26,0.11,100
perempuan,2023,Riau,8.62,12.79,30.12,24.16,22.23,4.05,1.24,0.71,100
perempuan,2023,Jambi,7.46,4.38,43.69,12.23,31.81,2.22,1.37,0.81,100
perempuan,2023,Sumatera Selatan,6.49,7.07,46.53,15.36,24.06,4.32,1.24,0.65,100
perempuan,2023,Bengkulu,6.1,7.11,52.12,10.57,24.34,1.78,1.05,1.22,100
perempuan,2023,Lampung,3.34,7.3,58.47,10.92,21.38,1.02,2.52,0.17,100
perempuan,2023,Kepulauan Bangka Belitung,9.76,8.88,40.26,13.29,27.53,4.07,1.94,1.74,100
perempuan,2023,Kepulauan Riau,13.69,18.83,16.69,27.88,27.08,2.04,1.42,0.17,100
perempuan,2023,DKI Jakarta,16.08,18.02,3.36,29,37.45,0.53,0.89,0.01,100
perempuan,2023,Jawa Barat,7.28,10.76,33.38,25.87,25.02,1.24,1.74,1.14,100
perempuan,2023,Jawa Tengah,6.9,8.61,41.92,13.88,27.95,3.66,1.49,1.36,100
perempuan,2023,DI Yogyakarta,9.6,18.23,24.88,17.55,34.89,0.67,0.36,1.11,100
perempuan,2023,Jawa Timur,6.88,8.15,49.19,12.41,21.26,4.58,2.22,1.45,100
perempuan,2023,Banten,5.19,11.26,21.76,37.23,25.84,0.83,1.93,1.11,100
perempuan,2023,Bali,6.08,10.72,53.07,13.13,18.78,0.84,0.53,0,100
perempuan,2023,Nusa Tenggara Barat,6.79,2.03,40.66,11.98,36.72,5.28,3.7,3.5,100
perempuan,2023,Nusa Tenggara Timur,5.29,3.07,11.72,7.16,65.36,11.41,0.98,0.53,100
perempuan,2023,Kalimantan Barat,9.09,3.67,32.1,11.03,38.33,7.28,2.09,1.1,100
perempuan,2023,Kalimantan Tengah,14.33,1.96,28.26,12.5,33.81,9.74,1.52,4.75,100
perempuan,2023,Kalimantan Selatan,14.29,5.33,24.72,9.35,37.87,9,3.26,2.64,100
perempuan,2023,Kalimantan Timur,14.29,12.29,14.92,22.56,38.58,2.37,0.54,0.54,100
perempuan,2023,Kalimantan Utara,24.01,1.02,17.13,8.8,50.04,1.22,0.07,3.05,100
perempuan,2023,Sulawesi Utara,11.15,6.95,33.88,11.92,37.07,2.38,0.73,0.09,100
perempuan,2023,Sulawesi Tengah,14.47,4.42,13.34,8.66,45.33,15.91,1.83,2.51,100
perempuan,2023,Sulawesi Selatan,11.23,5.27,19.51,13.81,49.58,3.46,1.56,1.46,100
perempuan,2023,Sulawesi Tenggara,12.17,3.67,12.08,8.6,60.22,3.18,1.43,1.71,100
perempuan,2023,Gorontalo,5.88,1.08,36.75,14.9,45.56,1.23,0.3,0.9,100
perempuan,2023,Sulawesi Barat,10.64,1.06,16.24,6.09,64.51,0.83,2.59,0.92,100
perempuan,2023,Maluku,9.09,0.69,22.19,5.62,60.25,4.12,0.71,0.73,100
perempuan,2023,Maluku Utara,12.17,0.92,12.92,4.93,59.65,10.31,1.02,0.88,100
perempuan,2023,Papua Barat,12.95,2.32,6.69,7.47,69,1.46,0.78,0.9,100
perempuan,2023,Papua,16.41,2.62,4.34,12.41,61.75,1.7,0.15,3.76,100
perempuan,2023,I N D O N E S I A,8.17,8.65,36.46,17.16,29.54,3.27,1.77,1.17,100
